soc_code,soc_title,status,industry_or_reason,method,flag,base_naics,base_naics_title
11-1011,Chief Executives,EXCLUDED,cross_or_other:110000,major_group,False,,
11-1021,General and Operations Managers,EXCLUDED,cross_or_other:110000,major_group,False,,
11-1031,Legislators,EXCLUDED,cross_or_other:110000,major_group,False,,
11-2011,Advertising and Promotions Managers,EXCLUDED,cross_or_other:110000,major_group,False,,
11-2021,Marketing Managers,EXCLUDED,cross_or_other:110000,major_group,False,,
11-2022,Sales Managers,EXCLUDED,cross_or_other:110000,major_group,False,,
11-2032,Public Relations Managers,EXCLUDED,cross_or_other:110000,major_group,False,,
11-2033,Fundraising Managers,EXCLUDED,cross_or_other:110000,major_group,False,,
11-3012,Administrative Services Managers,EXCLUDED,cross_or_other:110000,major_group,False,,
11-3013,Facilities Managers,EXCLUDED,cross_or_other:110000,major_group,False,,
11-3021,Computer and Information Systems Managers,EXCLUDED,cross_or_other:110000,major_group,False,,
11-3031,Financial Managers,EXCLUDED,cross_or_other:110000,major_group,False,,
11-3051,Industrial Production Managers,EXCLUDED,cross_or_other:110000,major_group,False,,
11-3061,Purchasing Managers,EXCLUDED,cross_or_other:110000,major_group,False,,
11-3071,"Transportation, Storage, and Distribution Managers",EXCLUDED,cross_or_other:110000,major_group,False,,
11-3111,Compensation and Benefits Managers,EXCLUDED,cross_or_other:110000,major_group,False,,
11-3121,Human Resources Managers,EXCLUDED,cross_or_other:110000,major_group,False,,
11-3131,Training and Development Managers,EXCLUDED,cross_or_other:110000,major_group,False,,
11-9013,"Farmers, Ranchers, and Other Agricultural Managers",EXCLUDED,cross_or_other:110000,major_group,False,,
11-9021,Construction Managers,EXCLUDED,cross_or_other:110000,major_group,False,,
11-9031,"Education and Childcare Administrators, Preschool and Daycare",EXCLUDED,cross_or_other:110000,major_group,False,,
11-9032,"Education Administrators, Kindergarten through Secondary",EXCLUDED,cross_or_other:110000,major_group,False,,
11-9033,"Education Administrators, Postsecondary",EXCLUDED,cross_or_other:110000,major_group,False,,
11-9039,"Education Administrators, All Other",EXCLUDED,cross_or_other:110000,major_group,False,,
11-9041,Architectural and Engineering Managers,EXCLUDED,cross_or_other:110000,major_group,False,,
11-9051,Food Service Managers,EXCLUDED,cross_or_other:110000,major_group,False,,
11-9071,Gambling Managers,EXCLUDED,cross_or_other:110000,major_group,False,,
11-9072,"Entertainment and Recreation Managers, Except Gambling",EXCLUDED,cross_or_other:110000,major_group,False,,
11-9081,Lodging Managers,EXCLUDED,cross_or_other:110000,major_group,False,,
11-9111,Medical and Health Services Managers,EXCLUDED,cross_or_other:110000,major_group,False,,
11-9121,Natural Sciences Managers,EXCLUDED,cross_or_other:110000,major_group,False,,
11-9131,Postmasters and Mail Superintendents,EXCLUDED,cross_or_other:110000,major_group,False,,
11-9141,"Property, Real Estate, and Community Association Managers",EXCLUDED,cross_or_other:110000,major_group,False,,
11-9151,Social and Community Service Managers,EXCLUDED,cross_or_other:110000,major_group,False,,
11-9161,Emergency Management Directors,EXCLUDED,cross_or_other:110000,major_group,False,,
11-9171,Funeral Home Managers,EXCLUDED,cross_or_other:110000,major_group,False,,
11-9179,"Personal Service Managers, All Other",EXCLUDED,cross_or_other:110000,major_group,False,,
11-9199,"Managers, All Other",EXCLUDED,cross_or_other:110000,major_group,False,,
13-1011,"Agents and Business Managers of Artists, Performers, and Athletes",EXCLUDED,cross_or_other:130000,major_group,False,,
13-1021,"Buyers and Purchasing Agents, Farm Products",EXCLUDED,cross_or_other:130000,major_group,False,,
13-1022,"Wholesale and Retail Buyers, Except Farm Products",EXCLUDED,cross_or_other:130000,major_group,False,,
13-1023,"Purchasing Agents, Except Wholesale, Retail, and Farm Products",EXCLUDED,cross_or_other:130000,major_group,False,,
13-1031,"Claims Adjusters, Examiners, and Investigators",EXCLUDED,cross_or_other:130000,major_group,False,,
13-1032,"Insurance Appraisers, Auto Damage",EXCLUDED,cross_or_other:130000,major_group,False,,
13-1041,Compliance Officers,EXCLUDED,cross_or_other:130000,major_group,False,,
13-1051,Cost Estimators,EXCLUDED,cross_or_other:130000,major_group,False,,
13-1071,Human Resources Specialists,EXCLUDED,cross_or_other:130000,major_group,False,,
13-1074,Farm Labor Contractors,EXCLUDED,cross_or_other:130000,major_group,False,,
13-1075,Labor Relations Specialists,EXCLUDED,cross_or_other:130000,major_group,False,,
13-1081,Logisticians,EXCLUDED,cross_or_other:130000,major_group,False,,
13-1082,Project Management Specialists,EXCLUDED,cross_or_other:130000,major_group,False,,
13-1111,Management Analysts,EXCLUDED,cross_or_other:130000,major_group,False,,
13-1121,"Meeting, Convention, and Event Planners",EXCLUDED,cross_or_other:130000,major_group,False,,
13-1131,Fundraisers,EXCLUDED,cross_or_other:130000,major_group,False,,
13-1141,"Compensation, Benefits, and Job Analysis Specialists",EXCLUDED,cross_or_other:130000,major_group,False,,
13-1151,Training and Development Specialists,EXCLUDED,cross_or_other:130000,major_group,False,,
13-1161,Market Research Analysts and Marketing Specialists,EXCLUDED,cross_or_other:130000,major_group,False,,
13-1199,"Business Operations Specialists, All Other",EXCLUDED,cross_or_other:130000,major_group,False,,
13-2011,Accountants and Auditors,EXCLUDED,cross_or_other:130000,major_group,False,,
13-2022,Appraisers of Personal and Business Property,EXCLUDED,cross_or_other:130000,major_group,False,,
13-2023,Appraisers and Assessors of Real Estate,EXCLUDED,cross_or_other:130000,major_group,False,,
13-2031,Budget Analysts,EXCLUDED,cross_or_other:130000,major_group,False,,
13-2041,Credit Analysts,EXCLUDED,cross_or_other:130000,major_group,False,,
13-2051,Financial and Investment Analysts,EXCLUDED,cross_or_other:130000,major_group,False,,
13-2052,Personal Financial Advisors,EXCLUDED,cross_or_other:130000,major_group,False,,
13-2053,Insurance Underwriters,EXCLUDED,cross_or_other:130000,major_group,False,,
13-2054,Financial Risk Specialists,EXCLUDED,cross_or_other:130000,major_group,False,,
13-2061,Financial Examiners,EXCLUDED,cross_or_other:130000,major_group,False,,
13-2071,Credit Counselors,EXCLUDED,cross_or_other:130000,major_group,False,,
13-2072,Loan Officers,EXCLUDED,cross_or_other:130000,major_group,False,,
13-2081,"Tax Examiners and Collectors, and Revenue Agents",EXCLUDED,cross_or_other:130000,major_group,False,,
13-2082,Tax Preparers,EXCLUDED,cross_or_other:130000,major_group,False,,
13-2099,"Financial Specialists, All Other",EXCLUDED,cross_or_other:130000,major_group,False,,
19-1011,Animal Scientists,EXCLUDED,cross_or_other:190000,major_group,False,,
19-1012,Food Scientists and Technologists,EXCLUDED,cross_or_other:190000,major_group,False,,
19-1013,Soil and Plant Scientists,EXCLUDED,cross_or_other:190000,major_group,False,,
19-1021,Biochemists and Biophysicists,EXCLUDED,cross_or_other:190000,major_group,False,,
19-1022,Microbiologists,EXCLUDED,cross_or_other:190000,major_group,False,,
19-1023,Zoologists and Wildlife Biologists,EXCLUDED,cross_or_other:190000,major_group,False,,
19-1029,"Biological Scientists, All Other",EXCLUDED,cross_or_other:190000,major_group,False,,
19-1031,Conservation Scientists,EXCLUDED,cross_or_other:190000,major_group,False,,
19-1032,Foresters,EXCLUDED,cross_or_other:190000,major_group,False,,
19-1041,Epidemiologists,EXCLUDED,cross_or_other:190000,major_group,False,,
19-1042,"Medical Scientists, Except Epidemiologists",EXCLUDED,cross_or_other:190000,major_group,False,,
19-1099,"Life Scientists, All Other",EXCLUDED,cross_or_other:190000,major_group,False,,
19-2011,Astronomers,EXCLUDED,cross_or_other:190000,major_group,False,,
19-2012,Physicists,EXCLUDED,cross_or_other:190000,major_group,False,,
19-2021,Atmospheric and Space Scientists,EXCLUDED,cross_or_other:190000,major_group,False,,
19-2031,Chemists,EXCLUDED,cross_or_other:190000,major_group,False,,
19-2032,Materials Scientists,EXCLUDED,cross_or_other:190000,major_group,False,,
19-2041,"Environmental Scientists and Specialists, Including Health",EXCLUDED,cross_or_other:190000,major_group,False,,
19-2042,"Geoscientists, Except Hydrologists and Geographers",EXCLUDED,cross_or_other:190000,major_group,False,,
19-2043,Hydrologists,EXCLUDED,cross_or_other:190000,major_group,False,,
19-2099,"Physical Scientists, All Other",EXCLUDED,cross_or_other:190000,major_group,False,,
19-3011,Economists,EXCLUDED,cross_or_other:190000,major_group,False,,
19-3022,Survey Researchers,EXCLUDED,cross_or_other:190000,major_group,False,,
19-3032,Industrial-Organizational Psychologists,EXCLUDED,cross_or_other:190000,major_group,False,,
19-3033,Clinical and Counseling Psychologists,EXCLUDED,cross_or_other:190000,major_group,False,,
19-3034,School Psychologists,EXCLUDED,cross_or_other:190000,major_group,False,,
19-3039,"Psychologists, All Other",EXCLUDED,cross_or_other:190000,major_group,False,,
19-3041,Sociologists,EXCLUDED,cross_or_other:190000,major_group,False,,
19-3051,Urban and Regional Planners,EXCLUDED,cross_or_other:190000,major_group,False,,
19-3091,Anthropologists and Archeologists,EXCLUDED,cross_or_other:190000,major_group,False,,
19-3092,Geographers,EXCLUDED,cross_or_other:190000,major_group,False,,
19-3093,Historians,EXCLUDED,cross_or_other:190000,major_group,False,,
19-3094,Political Scientists,EXCLUDED,cross_or_other:190000,major_group,False,,
19-3099,"Social Scientists and Related Workers, All Other",EXCLUDED,cross_or_other:190000,major_group,False,,
19-4012,Agricultural Technicians,EXCLUDED,cross_or_other:190000,major_group,False,,
19-4013,Food Science Technicians,EXCLUDED,cross_or_other:190000,major_group,False,,
19-4021,Biological Technicians,EXCLUDED,cross_or_other:190000,major_group,False,,
19-4031,Chemical Technicians,EXCLUDED,cross_or_other:190000,major_group,False,,
19-4042,"Environmental Science and Protection Technicians, Including Health",EXCLUDED,cross_or_other:190000,major_group,False,,
19-4043,"Geological Technicians, Except Hydrologic Technicians",EXCLUDED,cross_or_other:190000,major_group,False,,
19-4044,Hydrologic Technicians,EXCLUDED,cross_or_other:190000,major_group,False,,
19-4051,Nuclear Technicians,EXCLUDED,cross_or_other:190000,major_group,False,,
19-4061,Social Science Research Assistants,EXCLUDED,cross_or_other:190000,major_group,False,,
19-4071,Forest and Conservation Technicians,EXCLUDED,cross_or_other:190000,major_group,False,,
19-4092,Forensic Science Technicians,EXCLUDED,cross_or_other:190000,major_group,False,,
19-4099,"Life, Physical, and Social Science Technicians, All Other",EXCLUDED,cross_or_other:190000,major_group,False,,
19-5011,Occupational Health and Safety Specialists,EXCLUDED,cross_or_other:190000,major_group,False,,
19-5012,Occupational Health and Safety Technicians,EXCLUDED,cross_or_other:190000,major_group,False,,
21-1011,Substance Abuse and Behavioral Disorder Counselors,EXCLUDED,cross_or_other:210000,major_group,False,,
21-1012,"Educational, Guidance, and Career Counselors and Advisors",EXCLUDED,cross_or_other:210000,major_group,False,,
21-1013,Marriage and Family Therapists,EXCLUDED,cross_or_other:210000,major_group,False,,
21-1014,Mental Health Counselors,EXCLUDED,cross_or_other:210000,major_group,False,,
21-1015,Rehabilitation Counselors,EXCLUDED,cross_or_other:210000,major_group,False,,
21-1019,"Counselors, All Other",EXCLUDED,cross_or_other:210000,major_group,False,,
21-1021,"Child, Family, and School Social Workers",EXCLUDED,cross_or_other:210000,major_group,False,,
21-1022,Healthcare Social Workers,EXCLUDED,cross_or_other:210000,major_group,False,,
21-1023,Mental Health and Substance Abuse Social Workers,EXCLUDED,cross_or_other:210000,major_group,False,,
21-1029,"Social Workers, All Other",EXCLUDED,cross_or_other:210000,major_group,False,,
21-1091,Health Education Specialists,EXCLUDED,cross_or_other:210000,major_group,False,,
21-1092,Probation Officers and Correctional Treatment Specialists,EXCLUDED,cross_or_other:210000,major_group,False,,
21-1093,Social and Human Service Assistants,EXCLUDED,cross_or_other:210000,major_group,False,,
21-1094,Community Health Workers,EXCLUDED,cross_or_other:210000,major_group,False,,
21-1099,"Community and Social Service Specialists, All Other",EXCLUDED,cross_or_other:210000,major_group,False,,
21-2011,Clergy,EXCLUDED,cross_or_other:210000,major_group,False,,
21-2021,"Directors, Religious Activities and Education",EXCLUDED,cross_or_other:210000,major_group,False,,
21-2099,"Religious Workers, All Other",EXCLUDED,cross_or_other:210000,major_group,False,,
23-1011,Lawyers,EXCLUDED,cross_or_other:230000,major_group,False,,
23-1012,Judicial Law Clerks,EXCLUDED,cross_or_other:230000,major_group,False,,
23-1021,"Administrative Law Judges, Adjudicators, and Hearing Officers",EXCLUDED,cross_or_other:230000,major_group,False,,
23-1022,"Arbitrators, Mediators, and Conciliators",EXCLUDED,cross_or_other:230000,major_group,False,,
23-1023,"Judges, Magistrate Judges, and Magistrates",EXCLUDED,cross_or_other:230000,major_group,False,,
23-2011,Paralegals and Legal Assistants,EXCLUDED,cross_or_other:230000,major_group,False,,
23-2093,"Title Examiners, Abstractors, and Searchers",EXCLUDED,cross_or_other:230000,major_group,False,,
23-2099,"Legal Support Workers, All Other",EXCLUDED,cross_or_other:230000,major_group,False,,
25-1011,"Business Teachers, Postsecondary",EXCLUDED,cross_or_other:250000,major_group,False,,
25-1021,"Computer Science Teachers, Postsecondary",EXCLUDED,cross_or_other:250000,major_group,False,,
25-1022,"Mathematical Science Teachers, Postsecondary",EXCLUDED,cross_or_other:250000,major_group,False,,
25-1031,"Architecture Teachers, Postsecondary",EXCLUDED,cross_or_other:250000,major_group,False,,
25-1032,"Engineering Teachers, Postsecondary",EXCLUDED,cross_or_other:250000,major_group,False,,
25-1041,"Agricultural Sciences Teachers, Postsecondary",EXCLUDED,cross_or_other:250000,major_group,False,,
25-1042,"Biological Science Teachers, Postsecondary",EXCLUDED,cross_or_other:250000,major_group,False,,
25-1043,"Forestry and Conservation Science Teachers, Postsecondary",EXCLUDED,cross_or_other:250000,major_group,False,,
25-1051,"Atmospheric, Earth, Marine, and Space Sciences Teachers, Postsecondary",EXCLUDED,cross_or_other:250000,major_group,False,,
25-1052,"Chemistry Teachers, Postsecondary",EXCLUDED,cross_or_other:250000,major_group,False,,
25-1053,"Environmental Science Teachers, Postsecondary",EXCLUDED,cross_or_other:250000,major_group,False,,
25-1054,"Physics Teachers, Postsecondary",EXCLUDED,cross_or_other:250000,major_group,False,,
25-1061,"Anthropology and Archeology Teachers, Postsecondary",EXCLUDED,cross_or_other:250000,major_group,False,,
25-1062,"Area, Ethnic, and Cultural Studies Teachers, Postsecondary",EXCLUDED,cross_or_other:250000,major_group,False,,
25-1063,"Economics Teachers, Postsecondary",EXCLUDED,cross_or_other:250000,major_group,False,,
25-1064,"Geography Teachers, Postsecondary",EXCLUDED,cross_or_other:250000,major_group,False,,
25-1065,"Political Science Teachers, Postsecondary",EXCLUDED,cross_or_other:250000,major_group,False,,
25-1066,"Psychology Teachers, Postsecondary",EXCLUDED,cross_or_other:250000,major_group,False,,
25-1067,"Sociology Teachers, Postsecondary",EXCLUDED,cross_or_other:250000,major_group,False,,
25-1069,"Social Sciences Teachers, Postsecondary, All Other",EXCLUDED,cross_or_other:250000,major_group,False,,
25-1071,"Health Specialties Teachers, Postsecondary",EXCLUDED,cross_or_other:250000,major_group,False,,
25-1072,"Nursing Instructors and Teachers, Postsecondary",EXCLUDED,cross_or_other:250000,major_group,False,,
25-1081,"Education Teachers, Postsecondary",EXCLUDED,cross_or_other:250000,major_group,False,,
25-1082,"Library Science Teachers, Postsecondary",EXCLUDED,cross_or_other:250000,major_group,False,,
25-1111,"Criminal Justice and Law Enforcement Teachers, Postsecondary",EXCLUDED,cross_or_other:250000,major_group,False,,
25-1112,"Law Teachers, Postsecondary",EXCLUDED,cross_or_other:250000,major_group,False,,
25-1113,"Social Work Teachers, Postsecondary",EXCLUDED,cross_or_other:250000,major_group,False,,
25-1121,"Art, Drama, and Music Teachers, Postsecondary",EXCLUDED,cross_or_other:250000,major_group,False,,
25-1122,"Communications Teachers, Postsecondary",EXCLUDED,cross_or_other:250000,major_group,False,,
25-1123,"English Language and Literature Teachers, Postsecondary",EXCLUDED,cross_or_other:250000,major_group,False,,
25-1124,"Foreign Language and Literature Teachers, Postsecondary",EXCLUDED,cross_or_other:250000,major_group,False,,
25-1125,"History Teachers, Postsecondary",EXCLUDED,cross_or_other:250000,major_group,False,,
25-1126,"Philosophy and Religion Teachers, Postsecondary",EXCLUDED,cross_or_other:250000,major_group,False,,
25-1192,"Family and Consumer Sciences Teachers, Postsecondary",EXCLUDED,cross_or_other:250000,major_group,False,,
25-1193,"Recreation and Fitness Studies Teachers, Postsecondary",EXCLUDED,cross_or_other:250000,major_group,False,,
25-1194,"Career/Technical Education Teachers, Postsecondary",EXCLUDED,cross_or_other:250000,major_group,False,,
25-1199,"Postsecondary Teachers, All Other",EXCLUDED,cross_or_other:250000,major_group,False,,
25-2011,"Preschool Teachers, Except Special Education",EXCLUDED,cross_or_other:250000,major_group,False,,
25-2012,"Kindergarten Teachers, Except Special Education",EXCLUDED,cross_or_other:250000,major_group,False,,
25-2021,"Elementary School Teachers, Except Special Education",EXCLUDED,cross_or_other:250000,major_group,False,,
25-2022,"Middle School Teachers, Except Special and Career/Technical Education",EXCLUDED,cross_or_other:250000,major_group,False,,
25-2023,"Career/Technical Education Teachers, Middle School",EXCLUDED,cross_or_other:250000,major_group,False,,
25-2031,"Secondary School Teachers, Except Special and Career/Technical Education",EXCLUDED,cross_or_other:250000,major_group,False,,
25-2032,"Career/Technical Education Teachers, Secondary School",EXCLUDED,cross_or_other:250000,major_group,False,,
25-2051,"Special Education Teachers, Preschool",EXCLUDED,cross_or_other:250000,major_group,False,,
25-2055,"Special Education Teachers, Kindergarten",EXCLUDED,cross_or_other:250000,major_group,False,,
25-2056,"Special Education Teachers, Elementary School",EXCLUDED,cross_or_other:250000,major_group,False,,
25-2057,"Special Education Teachers, Middle School",EXCLUDED,cross_or_other:250000,major_group,False,,
25-2058,"Special Education Teachers, Secondary School",EXCLUDED,cross_or_other:250000,major_group,False,,
25-2059,"Special Education Teachers, All Other",EXCLUDED,cross_or_other:250000,major_group,False,,
25-3011,"Adult Basic Education, Adult Secondary Education, and English as a Second Language Instructors",EXCLUDED,cross_or_other:250000,major_group,False,,
25-3021,Self-Enrichment Teachers,EXCLUDED,cross_or_other:250000,major_group,False,,
25-3031,"Substitute Teachers, Short-Term",EXCLUDED,cross_or_other:250000,major_group,False,,
25-3041,Tutors,EXCLUDED,cross_or_other:250000,major_group,False,,
25-3099,"Teachers and Instructors, All Other",EXCLUDED,cross_or_other:250000,major_group,False,,
25-4011,Archivists,EXCLUDED,cross_or_other:250000,major_group,False,,
25-4012,Curators,EXCLUDED,cross_or_other:250000,major_group,False,,
25-4013,Museum Technicians and Conservators,EXCLUDED,cross_or_other:250000,major_group,False,,
25-4022,Librarians and Media Collections Specialists,EXCLUDED,cross_or_other:250000,major_group,False,,
25-4031,Library Technicians,EXCLUDED,cross_or_other:250000,major_group,False,,
25-9021,Farm and Home Management Educators,EXCLUDED,cross_or_other:250000,major_group,False,,
25-9031,Instructional Coordinators,EXCLUDED,cross_or_other:250000,major_group,False,,
25-9042,"Teaching Assistants, Preschool, Elementary, Middle, and Secondary School, Except Special Education",EXCLUDED,cross_or_other:250000,major_group,False,,
25-9043,"Teaching Assistants, Special Education",EXCLUDED,cross_or_other:250000,major_group,False,,
25-9044,"Teaching Assistants, Postsecondary",EXCLUDED,cross_or_other:250000,major_group,False,,
25-9049,"Teaching Assistants, All Other",EXCLUDED,cross_or_other:250000,major_group,False,,
25-9099,"Educational Instruction and Library Workers, All Other",EXCLUDED,cross_or_other:250000,major_group,False,,
27-1011,Art Directors,EXCLUDED,cross_or_other:270000,major_group,False,,
27-1012,Craft Artists,EXCLUDED,cross_or_other:270000,major_group,False,,
27-1013,"Fine Artists, Including Painters, Sculptors, and Illustrators",EXCLUDED,cross_or_other:270000,major_group,False,,
27-1014,Special Effects Artists and Animators,EXCLUDED,cross_or_other:270000,major_group,False,,
27-1019,"Artists and Related Workers, All Other",EXCLUDED,cross_or_other:270000,major_group,False,,
27-1021,Commercial and Industrial Designers,EXCLUDED,cross_or_other:270000,major_group,False,,
27-1022,Fashion Designers,EXCLUDED,cross_or_other:270000,major_group,False,,
27-1023,Floral Designers,EXCLUDED,cross_or_other:270000,major_group,False,,
27-1024,Graphic Designers,EXCLUDED,cross_or_other:270000,major_group,False,,
27-1025,Interior Designers,EXCLUDED,cross_or_other:270000,major_group,False,,
27-1026,Merchandise Displayers and Window Trimmers,EXCLUDED,cross_or_other:270000,major_group,False,,
27-1027,Set and Exhibit Designers,EXCLUDED,cross_or_other:270000,major_group,False,,
27-1029,"Designers, All Other",EXCLUDED,cross_or_other:270000,major_group,False,,
27-2011,Actors,EXCLUDED,cross_or_other:270000,major_group,False,,
27-2012,Producers and Directors,EXCLUDED,cross_or_other:270000,major_group,False,,
27-2021,Athletes and Sports Competitors,EXCLUDED,cross_or_other:270000,major_group,False,,
27-2022,Coaches and Scouts,EXCLUDED,cross_or_other:270000,major_group,False,,
27-2023,"Umpires, Referees, and Other Sports Officials",EXCLUDED,cross_or_other:270000,major_group,False,,
27-2031,Dancers,EXCLUDED,cross_or_other:270000,major_group,False,,
27-2032,Choreographers,EXCLUDED,cross_or_other:270000,major_group,False,,
27-2041,Music Directors and Composers,EXCLUDED,cross_or_other:270000,major_group,False,,
27-2042,Musicians and Singers,EXCLUDED,cross_or_other:270000,major_group,False,,
27-2091,"Disc Jockeys, Except Radio",EXCLUDED,cross_or_other:270000,major_group,False,,
27-2099,"Entertainers and Performers, Sports and Related Workers, All Other",EXCLUDED,cross_or_other:270000,major_group,False,,
27-3011,Broadcast Announcers and Radio Disc Jockeys,EXCLUDED,cross_or_other:270000,major_group,False,,
27-3023,"News Analysts, Reporters, and Journalists",EXCLUDED,cross_or_other:270000,major_group,False,,
27-3031,Public Relations Specialists,EXCLUDED,cross_or_other:270000,major_group,False,,
27-3041,Editors,EXCLUDED,cross_or_other:270000,major_group,False,,
27-3042,Technical Writers,EXCLUDED,cross_or_other:270000,major_group,False,,
27-3043,Writers and Authors,EXCLUDED,cross_or_other:270000,major_group,False,,
27-3091,Interpreters and Translators,EXCLUDED,cross_or_other:270000,major_group,False,,
27-3092,Court Reporters and Simultaneous Captioners,EXCLUDED,cross_or_other:270000,major_group,False,,
27-3099,"Media and Communication Workers, All Other",EXCLUDED,cross_or_other:270000,major_group,False,,
27-4011,Audio and Video Technicians,EXCLUDED,cross_or_other:270000,major_group,False,,
27-4012,Broadcast Technicians,EXCLUDED,cross_or_other:270000,major_group,False,,
27-4014,Sound Engineering Technicians,EXCLUDED,cross_or_other:270000,major_group,False,,
27-4015,Lighting Technicians,EXCLUDED,cross_or_other:270000,major_group,False,,
27-4021,Photographers,EXCLUDED,cross_or_other:270000,major_group,False,,
27-4031,"Camera Operators, Television, Video, and Film",EXCLUDED,cross_or_other:270000,major_group,False,,
27-4032,Film and Video Editors,EXCLUDED,cross_or_other:270000,major_group,False,,
27-4099,"Media and Communication Equipment Workers, All Other",EXCLUDED,cross_or_other:270000,major_group,False,,
29-1011,Chiropractors,EXCLUDED,cross_or_other:290000,major_group,False,,
29-1021,"Dentists, General",EXCLUDED,cross_or_other:290000,major_group,False,,
29-1022,Oral and Maxillofacial Surgeons,EXCLUDED,cross_or_other:290000,major_group,False,,
29-1023,Orthodontists,EXCLUDED,cross_or_other:290000,major_group,False,,
29-1024,Prosthodontists,EXCLUDED,cross_or_other:290000,major_group,False,,
29-1029,"Dentists, All Other Specialists",EXCLUDED,cross_or_other:290000,major_group,False,,
29-1031,Dietitians and Nutritionists,EXCLUDED,cross_or_other:290000,major_group,False,,
29-1041,Optometrists,EXCLUDED,cross_or_other:290000,major_group,False,,
29-1051,Pharmacists,EXCLUDED,cross_or_other:290000,major_group,False,,
29-1071,Physician Assistants,EXCLUDED,cross_or_other:290000,major_group,False,,
29-1081,Podiatrists,EXCLUDED,cross_or_other:290000,major_group,False,,
29-1122,Occupational Therapists,EXCLUDED,cross_or_other:290000,major_group,False,,
29-1123,Physical Therapists,EXCLUDED,cross_or_other:290000,major_group,False,,
29-1124,Radiation Therapists,EXCLUDED,cross_or_other:290000,major_group,False,,
29-1125,Recreational Therapists,EXCLUDED,cross_or_other:290000,major_group,False,,
29-1126,Respiratory Therapists,EXCLUDED,cross_or_other:290000,major_group,False,,
29-1127,Speech-Language Pathologists,EXCLUDED,cross_or_other:290000,major_group,False,,
29-1128,Exercise Physiologists,EXCLUDED,cross_or_other:290000,major_group,False,,
29-1129,"Therapists, All Other",EXCLUDED,cross_or_other:290000,major_group,False,,
29-1131,Veterinarians,EXCLUDED,cross_or_other:290000,major_group,False,,
29-1141,Registered Nurses,EXCLUDED,cross_or_other:290000,major_group,False,,
29-1151,Nurse Anesthetists,EXCLUDED,cross_or_other:290000,major_group,False,,
29-1161,Nurse Midwives,EXCLUDED,cross_or_other:290000,major_group,False,,
29-1171,Nurse Practitioners,EXCLUDED,cross_or_other:290000,major_group,False,,
29-1181,Audiologists,EXCLUDED,cross_or_other:290000,major_group,False,,
29-1211,Anesthesiologists,EXCLUDED,cross_or_other:290000,major_group,False,,
29-1212,Cardiologists,EXCLUDED,cross_or_other:290000,major_group,False,,
29-1213,Dermatologists,EXCLUDED,cross_or_other:290000,major_group,False,,
29-1214,Emergency Medicine Physicians,EXCLUDED,cross_or_other:290000,major_group,False,,
29-1215,Family Medicine Physicians,EXCLUDED,cross_or_other:290000,major_group,False,,
29-1216,General Internal Medicine Physicians,EXCLUDED,cross_or_other:290000,major_group,False,,
29-1217,Neurologists,EXCLUDED,cross_or_other:290000,major_group,False,,
29-1218,Obstetricians and Gynecologists,EXCLUDED,cross_or_other:290000,major_group,False,,
29-1221,"Pediatricians, General",EXCLUDED,cross_or_other:290000,major_group,False,,
29-1222,"Physicians, Pathologists",EXCLUDED,cross_or_other:290000,major_group,False,,
29-1223,Psychiatrists,EXCLUDED,cross_or_other:290000,major_group,False,,
29-1224,Radiologists,EXCLUDED,cross_or_other:290000,major_group,False,,
29-1229,"Physicians, All Other",EXCLUDED,cross_or_other:290000,major_group,False,,
29-1241,"Ophthalmologists, Except Pediatric",EXCLUDED,cross_or_other:290000,major_group,False,,
29-1242,"Orthopedic Surgeons, Except Pediatric",EXCLUDED,cross_or_other:290000,major_group,False,,
29-1243,Pediatric Surgeons,EXCLUDED,cross_or_other:290000,major_group,False,,
29-1249,"Surgeons, All Other",EXCLUDED,cross_or_other:290000,major_group,False,,
29-1291,Acupuncturists,EXCLUDED,cross_or_other:290000,major_group,False,,
29-1292,Dental Hygienists,EXCLUDED,cross_or_other:290000,major_group,False,,
29-1299,"Healthcare Diagnosing or Treating Practitioners, All Other",EXCLUDED,cross_or_other:290000,major_group,False,,
29-2011,Medical and Clinical Laboratory Technologists,EXCLUDED,cross_or_other:290000,major_group,False,,
29-2012,Medical and Clinical Laboratory Technicians,EXCLUDED,cross_or_other:290000,major_group,False,,
29-2031,Cardiovascular Technologists and Technicians,EXCLUDED,cross_or_other:290000,major_group,False,,
29-2032,Diagnostic Medical Sonographers,EXCLUDED,cross_or_other:290000,major_group,False,,
29-2033,Nuclear Medicine Technologists,EXCLUDED,cross_or_other:290000,major_group,False,,
29-2034,Radiologic Technologists and Technicians,EXCLUDED,cross_or_other:290000,major_group,False,,
29-2035,Magnetic Resonance Imaging Technologists,EXCLUDED,cross_or_other:290000,major_group,False,,
29-2036,Medical Dosimetrists,EXCLUDED,cross_or_other:290000,major_group,False,,
29-2042,Emergency Medical Technicians,EXCLUDED,cross_or_other:290000,major_group,False,,
29-2043,Paramedics,EXCLUDED,cross_or_other:290000,major_group,False,,
29-2051,Dietetic Technicians,EXCLUDED,cross_or_other:290000,major_group,False,,
29-2052,Pharmacy Technicians,EXCLUDED,cross_or_other:290000,major_group,False,,
29-2053,Psychiatric Technicians,EXCLUDED,cross_or_other:290000,major_group,False,,
29-2055,Surgical Technologists,EXCLUDED,cross_or_other:290000,major_group,False,,
29-2056,Veterinary Technologists and Technicians,EXCLUDED,cross_or_other:290000,major_group,False,,
29-2057,Ophthalmic Medical Technicians,EXCLUDED,cross_or_other:290000,major_group,False,,
29-2061,Licensed Practical and Licensed Vocational Nurses,EXCLUDED,cross_or_other:290000,major_group,False,,
29-2072,Medical Records Specialists,EXCLUDED,cross_or_other:290000,major_group,False,,
29-2081,"Opticians, Dispensing",EXCLUDED,cross_or_other:290000,major_group,False,,
29-2091,Orthotists and Prosthetists,EXCLUDED,cross_or_other:290000,major_group,False,,
29-2092,Hearing Aid Specialists,EXCLUDED,cross_or_other:290000,major_group,False,,
29-2099,"Health Technologists and Technicians, All Other",EXCLUDED,cross_or_other:290000,major_group,False,,
29-9021,Health Information Technologists and Medical Registrars,EXCLUDED,cross_or_other:290000,major_group,False,,
29-9091,Athletic Trainers,EXCLUDED,cross_or_other:290000,major_group,False,,
29-9092,Genetic Counselors,EXCLUDED,cross_or_other:290000,major_group,False,,
29-9093,Surgical Assistants,EXCLUDED,cross_or_other:290000,major_group,False,,
29-9099,"Healthcare Practitioners and Technical Workers, All Other",EXCLUDED,cross_or_other:290000,major_group,False,,
31-1121,Home Health Aides,EXCLUDED,cross_or_other:310000,major_group,False,,
31-1122,Personal Care Aides,EXCLUDED,cross_or_other:310000,major_group,False,,
31-1131,Nursing Assistants,EXCLUDED,cross_or_other:310000,major_group,False,,
31-1132,Orderlies,EXCLUDED,cross_or_other:310000,major_group,False,,
31-1133,Psychiatric Aides,EXCLUDED,cross_or_other:310000,major_group,False,,
31-2011,Occupational Therapy Assistants,EXCLUDED,cross_or_other:310000,major_group,False,,
31-2012,Occupational Therapy Aides,EXCLUDED,cross_or_other:310000,major_group,False,,
31-2021,Physical Therapist Assistants,EXCLUDED,cross_or_other:310000,major_group,False,,
31-2022,Physical Therapist Aides,EXCLUDED,cross_or_other:310000,major_group,False,,
31-9011,Massage Therapists,EXCLUDED,cross_or_other:310000,major_group,False,,
31-9091,Dental Assistants,EXCLUDED,cross_or_other:310000,major_group,False,,
31-9092,Medical Assistants,EXCLUDED,cross_or_other:310000,major_group,False,,
31-9093,Medical Equipment Preparers,EXCLUDED,cross_or_other:310000,major_group,False,,
31-9094,Medical Transcriptionists,EXCLUDED,cross_or_other:310000,major_group,False,,
31-9095,Pharmacy Aides,EXCLUDED,cross_or_other:310000,major_group,False,,
31-9096,Veterinary Assistants and Laboratory Animal Caretakers,EXCLUDED,cross_or_other:310000,major_group,False,,
31-9097,Phlebotomists,EXCLUDED,cross_or_other:310000,major_group,False,,
31-9099,"Healthcare Support Workers, All Other",EXCLUDED,cross_or_other:310000,major_group,False,,
33-1011,First-Line Supervisors of Correctional Officers,EXCLUDED,cross_or_other:330000,major_group,False,,
33-1012,First-Line Supervisors of Police and Detectives,EXCLUDED,cross_or_other:330000,major_group,False,,
33-1021,First-Line Supervisors of Firefighting and Prevention Workers,EXCLUDED,cross_or_other:330000,major_group,False,,
33-1091,First-Line Supervisors of Security Workers,EXCLUDED,cross_or_other:330000,major_group,False,,
33-1099,"First-Line Supervisors of Protective Service Workers, All Other",EXCLUDED,cross_or_other:330000,major_group,False,,
33-2011,Firefighters,EXCLUDED,cross_or_other:330000,major_group,False,,
33-2021,Fire Inspectors and Investigators,EXCLUDED,cross_or_other:330000,major_group,False,,
33-2022,Forest Fire Inspectors and Prevention Specialists,EXCLUDED,cross_or_other:330000,major_group,False,,
33-3011,Bailiffs,EXCLUDED,cross_or_other:330000,major_group,False,,
33-3012,Correctional Officers and Jailers,EXCLUDED,cross_or_other:330000,major_group,False,,
33-3021,Detectives and Criminal Investigators,EXCLUDED,cross_or_other:330000,major_group,False,,
33-3031,Fish and Game Wardens,EXCLUDED,cross_or_other:330000,major_group,False,,
33-3041,Parking Enforcement Workers,EXCLUDED,cross_or_other:330000,major_group,False,,
33-3051,Police and Sheriff's Patrol Officers,EXCLUDED,cross_or_other:330000,major_group,False,,
33-3052,Transit and Railroad Police,EXCLUDED,cross_or_other:330000,major_group,False,,
33-9011,Animal Control Workers,EXCLUDED,cross_or_other:330000,major_group,False,,
33-9021,Private Detectives and Investigators,EXCLUDED,cross_or_other:330000,major_group,False,,
33-9031,Gambling Surveillance Officers and Gambling Investigators,EXCLUDED,cross_or_other:330000,major_group,False,,
33-9032,Security Guards,EXCLUDED,cross_or_other:330000,major_group,False,,
33-9091,Crossing Guards and Flaggers,EXCLUDED,cross_or_other:330000,major_group,False,,
33-9092,"Lifeguards, Ski Patrol, and Other Recreational Protective Service Workers",EXCLUDED,cross_or_other:330000,major_group,False,,
33-9093,Transportation Security Screeners,EXCLUDED,cross_or_other:330000,major_group,False,,
33-9094,School Bus Monitors,EXCLUDED,cross_or_other:330000,major_group,False,,
33-9099,"Protective Service Workers, All Other",EXCLUDED,cross_or_other:330000,major_group,False,,
39-1013,First-Line Supervisors of Gambling Services Workers,EXCLUDED,cross_or_other:390000,major_group,False,,
39-1014,"First-Line Supervisors of Entertainment and Recreation Workers, Except Gambling Services",EXCLUDED,cross_or_other:390000,major_group,False,,
39-1022,First-Line Supervisors of Personal Service Workers,EXCLUDED,cross_or_other:390000,major_group,False,,
39-2011,Animal Trainers,EXCLUDED,cross_or_other:390000,major_group,False,,
39-2021,Animal Caretakers,EXCLUDED,cross_or_other:390000,major_group,False,,
39-3011,Gambling Dealers,EXCLUDED,cross_or_other:390000,major_group,False,,
39-3012,Gambling and Sports Book Writers and Runners,EXCLUDED,cross_or_other:390000,major_group,False,,
39-3019,"Gambling Service Workers, All Other",EXCLUDED,cross_or_other:390000,major_group,False,,
39-3021,Motion Picture Projectionists,EXCLUDED,cross_or_other:390000,major_group,False,,
39-3031,"Ushers, Lobby Attendants, and Ticket Takers",EXCLUDED,cross_or_other:390000,major_group,False,,
39-3091,Amusement and Recreation Attendants,EXCLUDED,cross_or_other:390000,major_group,False,,
39-3092,Costume Attendants,EXCLUDED,cross_or_other:390000,major_group,False,,
39-3093,"Locker Room, Coatroom, and Dressing Room Attendants",EXCLUDED,cross_or_other:390000,major_group,False,,
39-3099,"Entertainment Attendants and Related Workers, All Other",EXCLUDED,cross_or_other:390000,major_group,False,,
39-4011,Embalmers,EXCLUDED,cross_or_other:390000,major_group,False,,
39-4012,Crematory Operators,EXCLUDED,cross_or_other:390000,major_group,False,,
39-4021,Funeral Attendants,EXCLUDED,cross_or_other:390000,major_group,False,,
39-4031,"Morticians, Undertakers, and Funeral Arrangers",EXCLUDED,cross_or_other:390000,major_group,False,,
39-5011,Barbers,EXCLUDED,cross_or_other:390000,major_group,False,,
39-5012,"Hairdressers, Hairstylists, and Cosmetologists",EXCLUDED,cross_or_other:390000,major_group,False,,
39-5091,"Makeup Artists, Theatrical and Performance",EXCLUDED,cross_or_other:390000,major_group,False,,
39-5092,Manicurists and Pedicurists,EXCLUDED,cross_or_other:390000,major_group,False,,
39-5093,Shampooers,EXCLUDED,cross_or_other:390000,major_group,False,,
39-5094,Skincare Specialists,EXCLUDED,cross_or_other:390000,major_group,False,,
39-6011,Baggage Porters and Bellhops,EXCLUDED,cross_or_other:390000,major_group,False,,
39-6012,Concierges,EXCLUDED,cross_or_other:390000,major_group,False,,
39-7011,Tour Guides and Escorts,EXCLUDED,cross_or_other:390000,major_group,False,,
39-7012,Travel Guides,EXCLUDED,cross_or_other:390000,major_group,False,,
39-9011,Childcare Workers,EXCLUDED,cross_or_other:390000,major_group,False,,
39-9031,Exercise Trainers and Group Fitness Instructors,EXCLUDED,cross_or_other:390000,major_group,False,,
39-9032,Recreation Workers,EXCLUDED,cross_or_other:390000,major_group,False,,
39-9041,Residential Advisors,EXCLUDED,cross_or_other:390000,major_group,False,,
39-9099,"Personal Care and Service Workers, All Other",EXCLUDED,cross_or_other:390000,major_group,False,,
43-1011,First-Line Supervisors of Office and Administrative Support Workers,EXCLUDED,cross_or_other:430000,major_group,False,,
43-2011,"Switchboard Operators, Including Answering Service",EXCLUDED,cross_or_other:430000,major_group,False,,
43-2021,Telephone Operators,EXCLUDED,cross_or_other:430000,major_group,False,,
43-2099,"Communications Equipment Operators, All Other",EXCLUDED,cross_or_other:430000,major_group,False,,
43-3011,Bill and Account Collectors,EXCLUDED,cross_or_other:430000,major_group,False,,
43-3021,Billing and Posting Clerks,EXCLUDED,cross_or_other:430000,major_group,False,,
43-3031,"Bookkeeping, Accounting, and Auditing Clerks",EXCLUDED,cross_or_other:430000,major_group,False,,
43-3041,Gambling Cage Workers,EXCLUDED,cross_or_other:430000,major_group,False,,
43-3051,Payroll and Timekeeping Clerks,EXCLUDED,cross_or_other:430000,major_group,False,,
43-3061,Procurement Clerks,EXCLUDED,cross_or_other:430000,major_group,False,,
43-3071,Tellers,EXCLUDED,cross_or_other:430000,major_group,False,,
43-3099,"Financial Clerks, All Other",EXCLUDED,cross_or_other:430000,major_group,False,,
43-4011,Brokerage Clerks,EXCLUDED,cross_or_other:430000,major_group,False,,
43-4021,Correspondence Clerks,EXCLUDED,cross_or_other:430000,major_group,False,,
43-4031,"Court, Municipal, and License Clerks",EXCLUDED,cross_or_other:430000,major_group,False,,
43-4041,"Credit Authorizers, Checkers, and Clerks",EXCLUDED,cross_or_other:430000,major_group,False,,
43-4051,Customer Service Representatives,EXCLUDED,cross_or_other:430000,major_group,False,,
43-4061,"Eligibility Interviewers, Government Programs",EXCLUDED,cross_or_other:430000,major_group,False,,
43-4071,File Clerks,EXCLUDED,cross_or_other:430000,major_group,False,,
43-4081,"Hotel, Motel, and Resort Desk Clerks",EXCLUDED,cross_or_other:430000,major_group,False,,
43-4111,"Interviewers, Except Eligibility and Loan",EXCLUDED,cross_or_other:430000,major_group,False,,
43-4121,"Library Assistants, Clerical",EXCLUDED,cross_or_other:430000,major_group,False,,
43-4131,Loan Interviewers and Clerks,EXCLUDED,cross_or_other:430000,major_group,False,,
43-4141,New Accounts Clerks,EXCLUDED,cross_or_other:430000,major_group,False,,
43-4151,Order Clerks,EXCLUDED,cross_or_other:430000,major_group,False,,
43-4161,"Human Resources Assistants, Except Payroll and Timekeeping",EXCLUDED,cross_or_other:430000,major_group,False,,
43-4171,Receptionists and Information Clerks,EXCLUDED,cross_or_other:430000,major_group,False,,
43-4181,Reservation and Transportation Ticket Agents and Travel Clerks,EXCLUDED,cross_or_other:430000,major_group,False,,
43-4199,"Information and Record Clerks, All Other",EXCLUDED,cross_or_other:430000,major_group,False,,
43-5011,Cargo and Freight Agents,EXCLUDED,cross_or_other:430000,major_group,False,,
43-5021,Couriers and Messengers,EXCLUDED,cross_or_other:430000,major_group,False,,
43-5031,Public Safety Telecommunicators,EXCLUDED,cross_or_other:430000,major_group,False,,
43-5032,"Dispatchers, Except Police, Fire, and Ambulance",EXCLUDED,cross_or_other:430000,major_group,False,,
43-5041,"Meter Readers, Utilities",EXCLUDED,cross_or_other:430000,major_group,False,,
43-5051,Postal Service Clerks,EXCLUDED,cross_or_other:430000,major_group,False,,
43-5052,Postal Service Mail Carriers,EXCLUDED,cross_or_other:430000,major_group,False,,
43-5053,"Postal Service Mail Sorters, Processors, and Processing Machine Operators",EXCLUDED,cross_or_other:430000,major_group,False,,
43-5061,"Production, Planning, and Expediting Clerks",EXCLUDED,cross_or_other:430000,major_group,False,,
43-5071,"Shipping, Receiving, and Inventory Clerks",EXCLUDED,cross_or_other:430000,major_group,False,,
43-5111,"Weighers, Measurers, Checkers, and Samplers, Recordkeeping",EXCLUDED,cross_or_other:430000,major_group,False,,
43-6011,Executive Secretaries and Executive Administrative Assistants,EXCLUDED,cross_or_other:430000,major_group,False,,
43-6012,Legal Secretaries and Administrative Assistants,EXCLUDED,cross_or_other:430000,major_group,False,,
43-6013,Medical Secretaries and Administrative Assistants,EXCLUDED,cross_or_other:430000,major_group,False,,
43-6014,"Secretaries and Administrative Assistants, Except Legal, Medical, and Executive",EXCLUDED,cross_or_other:430000,major_group,False,,
43-9021,Data Entry Keyers,EXCLUDED,cross_or_other:430000,major_group,False,,
43-9022,Word Processors and Typists,EXCLUDED,cross_or_other:430000,major_group,False,,
43-9031,Desktop Publishers,EXCLUDED,cross_or_other:430000,major_group,False,,
43-9041,Insurance Claims and Policy Processing Clerks,EXCLUDED,cross_or_other:430000,major_group,False,,
43-9051,"Mail Clerks and Mail Machine Operators, Except Postal Service",EXCLUDED,cross_or_other:430000,major_group,False,,
43-9061,"Office Clerks, General",EXCLUDED,cross_or_other:430000,major_group,False,,
43-9071,"Office Machine Operators, Except Computer",EXCLUDED,cross_or_other:430000,major_group,False,,
43-9081,Proofreaders and Copy Markers,EXCLUDED,cross_or_other:430000,major_group,False,,
43-9111,Statistical Assistants,EXCLUDED,cross_or_other:430000,major_group,False,,
43-9199,"Office and Administrative Support Workers, All Other",EXCLUDED,cross_or_other:430000,major_group,False,,
45-1011,"First-Line Supervisors of Farming, Fishing, and Forestry Workers",EXCLUDED,cross_or_other:450000,major_group,False,,
45-2011,Agricultural Inspectors,EXCLUDED,cross_or_other:450000,major_group,False,,
45-2021,Animal Breeders,EXCLUDED,cross_or_other:450000,major_group,False,,
45-2041,"Graders and Sorters, Agricultural Products",EXCLUDED,cross_or_other:450000,major_group,False,,
45-2091,Agricultural Equipment Operators,EXCLUDED,cross_or_other:450000,major_group,False,,
45-2092,"Farmworkers and Laborers, Crop, Nursery, and Greenhouse",EXCLUDED,cross_or_other:450000,major_group,False,,
45-2093,"Farmworkers, Farm, Ranch, and Aquacultural Animals",EXCLUDED,cross_or_other:450000,major_group,False,,
45-2099,"Agricultural Workers, All Other",EXCLUDED,cross_or_other:450000,major_group,False,,
45-3031,Fishing and Hunting Workers,EXCLUDED,cross_or_other:450000,major_group,False,,
45-4011,Forest and Conservation Workers,EXCLUDED,cross_or_other:450000,major_group,False,,
45-4021,Fallers,EXCLUDED,cross_or_other:450000,major_group,False,,
45-4022,Logging Equipment Operators,EXCLUDED,cross_or_other:450000,major_group,False,,
45-4023,Log Graders and Scalers,EXCLUDED,cross_or_other:450000,major_group,False,,
45-4029,"Logging Workers, All Other",EXCLUDED,cross_or_other:450000,major_group,False,,
55-1011,Air Crew Officers,EXCLUDED,cross_or_other:550000,major_group,False,,
55-1012,Aircraft Launch and Recovery Officers,EXCLUDED,cross_or_other:550000,major_group,False,,
55-1013,Armored Assault Vehicle Officers,EXCLUDED,cross_or_other:550000,major_group,False,,
55-1014,Artillery and Missile Officers,EXCLUDED,cross_or_other:550000,major_group,False,,
55-1015,Command and Control Center Officers,EXCLUDED,cross_or_other:550000,major_group,False,,
55-1016,Infantry Officers,EXCLUDED,cross_or_other:550000,major_group,False,,
55-1017,Special Forces Officers,EXCLUDED,cross_or_other:550000,major_group,False,,
55-1019,"Military Officer Special and Tactical Operations Leaders, All Other",EXCLUDED,cross_or_other:550000,major_group,False,,
55-2011,First-Line Supervisors of Air Crew Members,EXCLUDED,cross_or_other:550000,major_group,False,,
55-2012,First-Line Supervisors of Weapons Specialists/Crew Members,EXCLUDED,cross_or_other:550000,major_group,False,,
55-2013,First-Line Supervisors of All Other Tactical Operations Specialists,EXCLUDED,cross_or_other:550000,major_group,False,,
55-3011,Air Crew Members,EXCLUDED,cross_or_other:550000,major_group,False,,
55-3012,Aircraft Launch and Recovery Specialists,EXCLUDED,cross_or_other:550000,major_group,False,,
55-3013,Armored Assault Vehicle Crew Members,EXCLUDED,cross_or_other:550000,major_group,False,,
55-3014,Artillery and Missile Crew Members,EXCLUDED,cross_or_other:550000,major_group,False,,
55-3015,Command and Control Center Specialists,EXCLUDED,cross_or_other:550000,major_group,False,,
55-3016,Infantry,EXCLUDED,cross_or_other:550000,major_group,False,,
55-3018,Special Forces,EXCLUDED,cross_or_other:550000,major_group,False,,
55-3019,"Military Enlisted Tactical Operations and Air/Weapons Specialists and Crew Members, All Other",EXCLUDED,cross_or_other:550000,major_group,False,,
17-1021,Cartographers and Photogrammetrists,EXCLUDED,no_oews_data,arch_eng_split,True,,
17-2161,Nuclear Engineers,EXCLUDED,no_oews_data,arch_eng_split,True,,
49-9061,Camera and Photographic Equipment Repairers,EXCLUDED,no_oews_data,maint_split,True,,
53-1042,"First-Line Supervisors of Helpers, Laborers, and Material Movers, Hand",EXCLUDED,no_oews_data,transport_split,True,,
53-1043,First-Line Supervisors of Material-Moving Machine and Vehicle Operators,EXCLUDED,no_oews_data,transport_split,True,,
53-1044,First-Line Supervisors of Passenger Attendants,EXCLUDED,no_oews_data,transport_split,True,,
53-1049,"First-Line Supervisors of Transportation Workers, All Other",EXCLUDED,no_oews_data,transport_split,True,,
53-6041,Traffic Technicians,EXCLUDED,no_oews_data,transport_split,True,,
53-7031,Dredge Operators,EXCLUDED,no_oews_data,transport_split,True,,
15-1211,Computer Systems Analysts,EXCLUDED,tech_15-0000,-,False,,
15-1212,Information Security Analysts,EXCLUDED,tech_15-0000,-,False,,
15-1221,Computer and Information Research Scientists,EXCLUDED,tech_15-0000,-,False,,
15-1231,Computer Network Support Specialists,EXCLUDED,tech_15-0000,-,False,,
15-1232,Computer User Support Specialists,EXCLUDED,tech_15-0000,-,False,,
15-1241,Computer Network Architects,EXCLUDED,tech_15-0000,-,False,,
15-1242,Database Administrators,EXCLUDED,tech_15-0000,-,False,,
15-1243,Database Architects,EXCLUDED,tech_15-0000,-,False,,
15-1244,Network and Computer Systems Administrators,EXCLUDED,tech_15-0000,-,False,,
15-1251,Computer Programmers,EXCLUDED,tech_15-0000,-,False,,
15-1252,Software Developers,EXCLUDED,tech_15-0000,-,False,,
15-1253,Software Quality Assurance Analysts and Testers,EXCLUDED,tech_15-0000,-,False,,
15-1254,Web Developers,EXCLUDED,tech_15-0000,-,False,,
15-1255,Web and Digital Interface Designers,EXCLUDED,tech_15-0000,-,False,,
15-1299,"Computer Occupations, All Other",EXCLUDED,tech_15-0000,-,False,,
15-2011,Actuaries,EXCLUDED,tech_15-0000,-,False,,
15-2021,Mathematicians,EXCLUDED,tech_15-0000,-,False,,
15-2031,Operations Research Analysts,EXCLUDED,tech_15-0000,-,False,,
15-2041,Statisticians,EXCLUDED,tech_15-0000,-,False,,
15-2051,Data Scientists,EXCLUDED,tech_15-0000,-,False,,
15-2099,"Mathematical Science Occupations, All Other",EXCLUDED,tech_15-0000,-,False,,
17-1011,"Architects, Except Landscape and Naval",MAPPED,Construction,arch_eng_split,True,236000,Construction of Buildings
17-1012,Landscape Architects,MAPPED,Construction,arch_eng_split,True,238000,Specialty Trade Contractors
17-1022,Surveyors,MAPPED,Construction,arch_eng_split,True,237000,Heavy and Civil Engineering Construction
17-2051,Civil Engineers,MAPPED,Construction,arch_eng_split,True,236000,Construction of Buildings
17-3011,Architectural and Civil Drafters,MAPPED,Construction,arch_eng_split,True,236000,Construction of Buildings
17-3012,Electrical and Electronics Drafters,MAPPED,Construction,arch_eng_split,True,238000,Specialty Trade Contractors
17-3022,Civil Engineering Technologists and Technicians,MAPPED,Construction,arch_eng_split,True,236000,Construction of Buildings
17-3031,Surveying and Mapping Technicians,MAPPED,Construction,arch_eng_split,True,237000,Heavy and Civil Engineering Construction
47-1011,First-Line Supervisors of Construction Trades and Extraction Workers,MAPPED,Construction,major_group,False,,
47-2011,Boilermakers,MAPPED,Construction,major_group,False,,
47-2021,Brickmasons and Blockmasons,MAPPED,Construction,major_group,False,,
47-2022,Stonemasons,MAPPED,Construction,major_group,False,,
47-2031,Carpenters,MAPPED,Construction,major_group,False,,
47-2041,Carpet Installers,MAPPED,Construction,major_group,False,,
47-2042,"Floor Layers, Except Carpet, Wood, and Hard Tiles",MAPPED,Construction,major_group,False,,
47-2043,Floor Sanders and Finishers,MAPPED,Construction,major_group,False,,
47-2044,Tile and Stone Setters,MAPPED,Construction,major_group,False,,
47-2051,Cement Masons and Concrete Finishers,MAPPED,Construction,major_group,False,,
47-2053,Terrazzo Workers and Finishers,MAPPED,Construction,major_group,False,,
47-2061,Construction Laborers,MAPPED,Construction,major_group,False,,
47-2071,"Paving, Surfacing, and Tamping Equipment Operators",MAPPED,Construction,major_group,False,,
47-2072,Pile Driver Operators,MAPPED,Construction,major_group,False,,
47-2073,Operating Engineers and Other Construction Equipment Operators,MAPPED,Construction,major_group,False,,
47-2081,Drywall and Ceiling Tile Installers,MAPPED,Construction,major_group,False,,
47-2082,Tapers,MAPPED,Construction,major_group,False,,
47-2111,Electricians,MAPPED,Construction,major_group,False,,
47-2121,Glaziers,MAPPED,Construction,major_group,False,,
47-2131,"Insulation Workers, Floor, Ceiling, and Wall",MAPPED,Construction,major_group,False,,
47-2132,"Insulation Workers, Mechanical",MAPPED,Construction,major_group,False,,
47-2141,"Painters, Construction and Maintenance",MAPPED,Construction,major_group,False,,
47-2142,Paperhangers,MAPPED,Construction,major_group,False,,
47-2151,Pipelayers,MAPPED,Construction,major_group,False,,
47-2152,"Plumbers, Pipefitters, and Steamfitters",MAPPED,Construction,major_group,False,,
47-2161,Plasterers and Stucco Masons,MAPPED,Construction,major_group,False,,
47-2171,Reinforcing Iron and Rebar Workers,MAPPED,Construction,major_group,False,,
47-2181,Roofers,MAPPED,Construction,major_group,False,,
47-2211,Sheet Metal Workers,MAPPED,Construction,major_group,False,,
47-2221,Structural Iron and Steel Workers,MAPPED,Construction,major_group,False,,
47-2231,Solar Photovoltaic Installers,MAPPED,Construction,major_group,False,,
47-3011,"Helpers--Brickmasons, Blockmasons, Stonemasons, and Tile and Marble Setters",MAPPED,Construction,major_group,False,,
47-3012,Helpers--Carpenters,MAPPED,Construction,major_group,False,,
47-3013,Helpers--Electricians,MAPPED,Construction,major_group,False,,
47-3014,"Helpers--Painters, Paperhangers, Plasterers, and Stucco Masons",MAPPED,Construction,major_group,False,,
47-3015,"Helpers--Pipelayers, Plumbers, Pipefitters, and Steamfitters",MAPPED,Construction,major_group,False,,
47-3016,Helpers--Roofers,MAPPED,Construction,major_group,False,,
47-3019,"Helpers, Construction Trades, All Other",MAPPED,Construction,major_group,False,,
47-4011,Construction and Building Inspectors,MAPPED,Construction,major_group,False,,
47-4021,Elevator and Escalator Installers and Repairers,MAPPED,Construction,major_group,False,,
47-4031,Fence Erectors,MAPPED,Construction,major_group,False,,
47-4041,Hazardous Materials Removal Workers,MAPPED,Construction,major_group,False,,
47-4051,Highway Maintenance Workers,MAPPED,Construction,major_group,False,,
47-4061,Rail-Track Laying and Maintenance Equipment Operators,MAPPED,Construction,major_group,False,,
47-4071,Septic Tank Servicers and Sewer Pipe Cleaners,MAPPED,Construction,major_group,False,,
47-4091,Segmental Pavers,MAPPED,Construction,major_group,False,,
47-4099,"Construction and Related Workers, All Other",MAPPED,Construction,major_group,False,,
47-5011,"Derrick Operators, Oil and Gas",MAPPED,Construction,major_group,False,,
47-5012,"Rotary Drill Operators, Oil and Gas",MAPPED,Construction,major_group,False,,
47-5013,"Service Unit Operators, Oil and Gas",MAPPED,Construction,major_group,False,,
47-5022,"Excavating and Loading Machine and Dragline Operators, Surface Mining",MAPPED,Construction,major_group,False,,
47-5023,"Earth Drillers, Except Oil and Gas",MAPPED,Construction,major_group,False,,
47-5032,"Explosives Workers, Ordnance Handling Experts, and Blasters",MAPPED,Construction,major_group,False,,
47-5041,Continuous Mining Machine Operators,MAPPED,Construction,major_group,False,,
47-5043,"Roof Bolters, Mining",MAPPED,Construction,major_group,False,,
47-5044,"Loading and Moving Machine Operators, Underground Mining",MAPPED,Construction,major_group,False,,
47-5049,"Underground Mining Machine Operators, All Other",MAPPED,Construction,major_group,False,,
47-5051,"Rock Splitters, Quarry",MAPPED,Construction,major_group,False,,
47-5071,"Roustabouts, Oil and Gas",MAPPED,Construction,major_group,False,,
47-5081,Helpers--Extraction Workers,MAPPED,Construction,major_group,False,,
47-5099,"Extraction Workers, All Other",MAPPED,Construction,major_group,False,,
49-2021,"Radio, Cellular, and Tower Equipment Installers and Repairers",MAPPED,Construction,maint_split,True,237000,Heavy and Civil Engineering Construction
49-2022,"Telecommunications Equipment Installers and Repairers, Except Line Installers",MAPPED,Construction,maint_split,True,238000,Specialty Trade Contractors
49-2095,"Electrical and Electronics Repairers, Powerhouse, Substation, and Relay",MAPPED,Construction,maint_split,True,237000,Heavy and Civil Engineering Construction
49-2098,Security and Fire Alarm Systems Installers,MAPPED,Construction,maint_split,True,238000,Specialty Trade Contractors
49-3042,"Mobile Heavy Equipment Mechanics, Except Engines",MAPPED,Construction,maint_split,True,237000,Heavy and Civil Engineering Construction
49-9011,Mechanical Door Repairers,MAPPED,Construction,maint_split,True,238000,Specialty Trade Contractors
49-9012,"Control and Valve Installers and Repairers, Except Mechanical Door",MAPPED,Construction,maint_split,True,238000,Specialty Trade Contractors
49-9021,"Heating, Air Conditioning, and Refrigeration Mechanics and Installers",MAPPED,Construction,maint_split,True,238000,Specialty Trade Contractors
49-9044,Millwrights,MAPPED,Construction,maint_split,True,238000,Specialty Trade Contractors
49-9051,Electrical Power-Line Installers and Repairers,MAPPED,Construction,maint_split,True,237000,Heavy and Civil Engineering Construction
49-9052,Telecommunications Line Installers and Repairers,MAPPED,Construction,maint_split,True,237000,Heavy and Civil Engineering Construction
49-9081,Wind Turbine Service Technicians,MAPPED,Construction,maint_split,True,237000,Heavy and Civil Engineering Construction
49-9092,Commercial Divers,MAPPED,Construction,maint_split,True,237000,Heavy and Civil Engineering Construction
49-9094,Locksmiths and Safe Repairers,MAPPED,Construction,maint_split,True,238000,Specialty Trade Contractors
49-9096,Riggers,MAPPED,Construction,maint_split,True,238000,Specialty Trade Contractors
49-9098,"Helpers--Installation, Maintenance, and Repair Workers",MAPPED,Construction,maint_split,True,238000,Specialty Trade Contractors
49-9099,"Installation, Maintenance, and Repair Workers, All Other",MAPPED,Construction,maint_split,True,238000,Specialty Trade Contractors
49-9041,Industrial Machinery Mechanics,MAPPED,Food & Beverage Manufacturing,maint_split,True,311000,Food Manufacturing
49-9043,"Maintenance Workers, Machinery",MAPPED,Food & Beverage Manufacturing,maint_split,True,311000,Food Manufacturing
51-1011,First-Line Supervisors of Production and Operating Workers,MAPPED,Food & Beverage Manufacturing,mfg_split,False,311000,Food Manufacturing
51-3011,Bakers,MAPPED,Food & Beverage Manufacturing,mfg_split,False,311000,Food Manufacturing
51-3021,Butchers and Meat Cutters,MAPPED,Food & Beverage Manufacturing,mfg_split,False,311000,Food Manufacturing
51-3022,"Meat, Poultry, and Fish Cutters and Trimmers",MAPPED,Food & Beverage Manufacturing,mfg_split,False,311000,Food Manufacturing
51-3023,Slaughterers and Meat Packers,MAPPED,Food & Beverage Manufacturing,mfg_split,False,311000,Food Manufacturing
51-3091,"Food and Tobacco Roasting, Baking, and Drying Machine Operators and Tenders",MAPPED,Food & Beverage Manufacturing,mfg_split,False,311000,Food Manufacturing
51-3092,Food Batchmakers,MAPPED,Food & Beverage Manufacturing,mfg_split,False,311000,Food Manufacturing
51-3093,Food Cooking Machine Operators and Tenders,MAPPED,Food & Beverage Manufacturing,mfg_split,False,311000,Food Manufacturing
51-3099,"Food Processing Workers, All Other",MAPPED,Food & Beverage Manufacturing,mfg_split,False,311000,Food Manufacturing
51-6011,Laundry and Dry-Cleaning Workers,MAPPED,Food & Beverage Manufacturing,mfg_split,False,311000,Food Manufacturing
51-8021,Stationary Engineers and Boiler Operators,MAPPED,Food & Beverage Manufacturing,mfg_split,False,311000,Food Manufacturing
51-8031,Water and Wastewater Treatment Plant and System Operators,MAPPED,Food & Beverage Manufacturing,mfg_split,False,311000,Food Manufacturing
51-9012,"Separating, Filtering, Clarifying, Precipitating, and Still Machine Setters, Operators, and Tenders",MAPPED,Food & Beverage Manufacturing,mfg_split,False,312000,Beverage and Tobacco Product Manufacturing
51-9021,"Crushing, Grinding, and Polishing Machine Setters, Operators, and Tenders",MAPPED,Food & Beverage Manufacturing,mfg_split,False,311000,Food Manufacturing
51-9111,Packaging and Filling Machine Operators and Tenders,MAPPED,Food & Beverage Manufacturing,mfg_split,False,311000,Food Manufacturing
51-9192,"Cleaning, Washing, and Metal Pickling Equipment Operators and Tenders",MAPPED,Food & Beverage Manufacturing,mfg_split,False,311000,Food Manufacturing
51-9193,Cooling and Freezing Equipment Operators and Tenders,MAPPED,Food & Beverage Manufacturing,mfg_split,False,311000,Food Manufacturing
51-9198,Helpers--Production Workers,MAPPED,Food & Beverage Manufacturing,mfg_split,False,311000,Food Manufacturing
51-9199,"Production Workers, All Other",MAPPED,Food & Beverage Manufacturing,mfg_split,False,311000,Food Manufacturing
35-1011,Chefs and Head Cooks,MAPPED,Hospitality/Hotels,major_group_722,False,,
35-1012,First-Line Supervisors of Food Preparation and Serving Workers,MAPPED,Hospitality/Hotels,major_group_722,False,,
35-2011,"Cooks, Fast Food",MAPPED,Hospitality/Hotels,major_group_722,False,,
35-2012,"Cooks, Institution and Cafeteria",MAPPED,Hospitality/Hotels,major_group_722,False,,
35-2013,"Cooks, Private Household",MAPPED,Hospitality/Hotels,major_group_722,False,,
35-2014,"Cooks, Restaurant",MAPPED,Hospitality/Hotels,major_group_722,False,,
35-2015,"Cooks, Short Order",MAPPED,Hospitality/Hotels,major_group_722,False,,
35-2019,"Cooks, All Other",MAPPED,Hospitality/Hotels,major_group_722,False,,
35-2021,Food Preparation Workers,MAPPED,Hospitality/Hotels,major_group_722,False,,
35-3011,Bartenders,MAPPED,Hospitality/Hotels,major_group_722,False,,
35-3023,Fast Food and Counter Workers,MAPPED,Hospitality/Hotels,major_group_722,False,,
35-3031,Waiters and Waitresses,MAPPED,Hospitality/Hotels,major_group_722,False,,
35-3041,"Food Servers, Nonrestaurant",MAPPED,Hospitality/Hotels,major_group_722,False,,
35-9011,Dining Room and Cafeteria Attendants and Bartender Helpers,MAPPED,Hospitality/Hotels,major_group_722,False,,
35-9021,Dishwashers,MAPPED,Hospitality/Hotels,major_group_722,False,,
35-9031,"Hosts and Hostesses, Restaurant, Lounge, and Coffee Shop",MAPPED,Hospitality/Hotels,major_group_722,False,,
35-9099,"Food Preparation and Serving Related Workers, All Other",MAPPED,Hospitality/Hotels,major_group_722,False,,
51-2041,Structural Metal Fabricators and Fitters,MAPPED,Industrial Equipment/Machinery,mfg_split,False,332000,Fabricated Metal Product Manufacturing
51-4022,"Forging Machine Setters, Operators, and Tenders, Metal and Plastic",MAPPED,Industrial Equipment/Machinery,mfg_split,False,332000,Fabricated Metal Product Manufacturing
51-4031,"Cutting, Punching, and Press Machine Setters, Operators, and Tenders, Metal and Plastic",MAPPED,Industrial Equipment/Machinery,mfg_split,False,332000,Fabricated Metal Product Manufacturing
51-4032,"Drilling and Boring Machine Tool Setters, Operators, and Tenders, Metal and Plastic",MAPPED,Industrial Equipment/Machinery,mfg_split,False,332000,Fabricated Metal Product Manufacturing
51-4033,"Grinding, Lapping, Polishing, and Buffing Machine Tool Setters, Operators, and Tenders, Metal and Plastic",MAPPED,Industrial Equipment/Machinery,mfg_split,False,332000,Fabricated Metal Product Manufacturing
51-4034,"Lathe and Turning Machine Tool Setters, Operators, and Tenders, Metal and Plastic",MAPPED,Industrial Equipment/Machinery,mfg_split,False,332000,Fabricated Metal Product Manufacturing
51-4035,"Milling and Planing Machine Setters, Operators, and Tenders, Metal and Plastic",MAPPED,Industrial Equipment/Machinery,mfg_split,False,332000,Fabricated Metal Product Manufacturing
51-4041,Machinists,MAPPED,Industrial Equipment/Machinery,mfg_split,False,332000,Fabricated Metal Product Manufacturing
51-4121,"Welders, Cutters, Solderers, and Brazers",MAPPED,Industrial Equipment/Machinery,mfg_split,False,332000,Fabricated Metal Product Manufacturing
51-4122,"Welding, Soldering, and Brazing Machine Setters, Operators, and Tenders",MAPPED,Industrial Equipment/Machinery,mfg_split,False,332000,Fabricated Metal Product Manufacturing
51-4191,"Heat Treating Equipment Setters, Operators, and Tenders, Metal and Plastic",MAPPED,Industrial Equipment/Machinery,mfg_split,False,332000,Fabricated Metal Product Manufacturing
51-4193,"Plating Machine Setters, Operators, and Tenders, Metal and Plastic",MAPPED,Industrial Equipment/Machinery,mfg_split,False,332000,Fabricated Metal Product Manufacturing
51-9022,"Grinding and Polishing Workers, Hand",MAPPED,Industrial Equipment/Machinery,mfg_split,False,332000,Fabricated Metal Product Manufacturing
51-9124,"Coating, Painting, and Spraying Machine Setters, Operators, and Tenders",MAPPED,Industrial Equipment/Machinery,mfg_split,False,332000,Fabricated Metal Product Manufacturing
51-9161,Computer Numerically Controlled Tool Operators,MAPPED,Industrial Equipment/Machinery,mfg_split,False,332000,Fabricated Metal Product Manufacturing
51-9162,Computer Numerically Controlled Tool Programmers,MAPPED,Industrial Equipment/Machinery,mfg_split,False,332000,Fabricated Metal Product Manufacturing
51-9194,Etchers and Engravers,MAPPED,Industrial Equipment/Machinery,mfg_split,False,332000,Fabricated Metal Product Manufacturing
49-2093,"Electrical and Electronics Installers and Repairers, Transportation Equipment",MAPPED,Logistics & Transportation,maint_split,True,482000,Rail Transportation
49-3011,Aircraft Mechanics and Service Technicians,MAPPED,Logistics & Transportation,maint_split,True,488000,Support Activities for Transportation
49-3031,Bus and Truck Mechanics and Diesel Engine Specialists,MAPPED,Logistics & Transportation,maint_split,True,484000,Truck Transportation
49-3043,Rail Car Repairers,MAPPED,Logistics & Transportation,maint_split,True,482000,Rail Transportation
49-9097,Signal and Track Switch Repairers,MAPPED,Logistics & Transportation,maint_split,True,482000,Rail Transportation
53-1041,Aircraft Cargo Handling Supervisors,MAPPED,Logistics & Transportation,transport_split,False,481000,Air Transportation
53-2011,"Airline Pilots, Copilots, and Flight Engineers",MAPPED,Logistics & Transportation,transport_split,False,481000,Air Transportation
53-2012,Commercial Pilots,MAPPED,Logistics & Transportation,transport_split,False,481000,Air Transportation
53-2021,Air Traffic Controllers,MAPPED,Logistics & Transportation,transport_split,False,488000,Support Activities for Transportation
53-2022,Airfield Operations Specialists,MAPPED,Logistics & Transportation,transport_split,False,481000,Air Transportation
53-2031,Flight Attendants,MAPPED,Logistics & Transportation,transport_split,False,481000,Air Transportation
53-3011,"Ambulance Drivers and Attendants, Except Emergency Medical Technicians",MAPPED,Logistics & Transportation,transport_split,False,485000,Transit and Ground Passenger Transportation
53-3031,Driver/Sales Workers,MAPPED,Logistics & Transportation,transport_split,False,484000,Truck Transportation
53-3032,Heavy and Tractor-Trailer Truck Drivers,MAPPED,Logistics & Transportation,transport_split,False,484000,Truck Transportation
53-3033,Light Truck Drivers,MAPPED,Logistics & Transportation,transport_split,False,484000,Truck Transportation
53-3051,"Bus Drivers, School",MAPPED,Logistics & Transportation,transport_split,False,485000,Transit and Ground Passenger Transportation
53-3052,"Bus Drivers, Transit and Intercity",MAPPED,Logistics & Transportation,transport_split,False,485000,Transit and Ground Passenger Transportation
53-3053,Shuttle Drivers and Chauffeurs,MAPPED,Logistics & Transportation,transport_split,False,485000,Transit and Ground Passenger Transportation
53-3054,Taxi Drivers,MAPPED,Logistics & Transportation,transport_split,False,485000,Transit and Ground Passenger Transportation
53-3099,"Motor Vehicle Operators, All Other",MAPPED,Logistics & Transportation,transport_split,False,488000,Support Activities for Transportation
53-4011,Locomotive Engineers,MAPPED,Logistics & Transportation,transport_split,False,482000,Rail Transportation
53-4013,"Rail Yard Engineers, Dinkey Operators, and Hostlers",MAPPED,Logistics & Transportation,transport_split,False,482000,Rail Transportation
53-4022,"Railroad Brake, Signal, and Switch Operators and Locomotive Firers",MAPPED,Logistics & Transportation,transport_split,False,482000,Rail Transportation
53-4031,Railroad Conductors and Yardmasters,MAPPED,Logistics & Transportation,transport_split,False,482000,Rail Transportation
53-4041,Subway and Streetcar Operators,MAPPED,Logistics & Transportation,transport_split,False,485000,Transit and Ground Passenger Transportation
53-4099,"Rail Transportation Workers, All Other",MAPPED,Logistics & Transportation,transport_split,False,488000,Support Activities for Transportation
53-5011,Sailors and Marine Oilers,MAPPED,Logistics & Transportation,transport_split,False,483000,Water Transportation
53-5021,"Captains, Mates, and Pilots of Water Vessels",MAPPED,Logistics & Transportation,transport_split,False,483000,Water Transportation
53-5022,Motorboat Operators,MAPPED,Logistics & Transportation,transport_split,False,488000,Support Activities for Transportation
53-5031,Ship Engineers,MAPPED,Logistics & Transportation,transport_split,False,483000,Water Transportation
53-6011,Bridge and Lock Tenders,MAPPED,Logistics & Transportation,transport_split,False,488000,Support Activities for Transportation
53-6021,Parking Attendants,MAPPED,Logistics & Transportation,transport_split,False,488000,Support Activities for Transportation
53-6031,Automotive and Watercraft Service Attendants,MAPPED,Logistics & Transportation,transport_split,False,485000,Transit and Ground Passenger Transportation
53-6032,Aircraft Service Attendants,MAPPED,Logistics & Transportation,transport_split,False,488000,Support Activities for Transportation
53-6051,Transportation Inspectors,MAPPED,Logistics & Transportation,transport_split,False,488000,Support Activities for Transportation
53-6061,Passenger Attendants,MAPPED,Logistics & Transportation,transport_split,False,488000,Support Activities for Transportation
53-6099,"Transportation Workers, All Other",MAPPED,Logistics & Transportation,transport_split,False,488000,Support Activities for Transportation
53-7021,Crane and Tower Operators,MAPPED,Logistics & Transportation,transport_split,False,488000,Support Activities for Transportation
53-7041,Hoist and Winch Operators,MAPPED,Logistics & Transportation,transport_split,False,488000,Support Activities for Transportation
53-7061,Cleaners of Vehicles and Equipment,MAPPED,Logistics & Transportation,transport_split,False,488000,Support Activities for Transportation
53-7071,Gas Compressor and Gas Pumping Station Operators,MAPPED,Logistics & Transportation,transport_split,False,486000,Pipeline Transportation
53-7072,"Pump Operators, Except Wellhead Pumpers",MAPPED,Logistics & Transportation,transport_split,False,486000,Pipeline Transportation
53-7073,Wellhead Pumpers,MAPPED,Logistics & Transportation,transport_split,False,486000,Pipeline Transportation
53-7121,"Tank Car, Truck, and Ship Loaders",MAPPED,Logistics & Transportation,transport_split,False,488000,Support Activities for Transportation
53-7199,"Material Moving Workers, All Other",MAPPED,Logistics & Transportation,transport_split,False,488000,Support Activities for Transportation
17-2011,Aerospace Engineers,MAPPED,Manufacturing,arch_eng_split,True,336000,Transportation Equipment Manufacturing
17-2021,Agricultural Engineers,MAPPED,Manufacturing,arch_eng_split,True,311000,Food Manufacturing
17-2031,Bioengineers and Biomedical Engineers,MAPPED,Manufacturing,arch_eng_split,True,339000,Miscellaneous Manufacturing
17-2041,Chemical Engineers,MAPPED,Manufacturing,arch_eng_split,True,325000,Chemical Manufacturing
17-2061,Computer Hardware Engineers,MAPPED,Manufacturing,arch_eng_split,True,334000,Computer and Electronic Product Manufacturing
17-2071,Electrical Engineers,MAPPED,Manufacturing,arch_eng_split,True,334000,Computer and Electronic Product Manufacturing
17-2072,"Electronics Engineers, Except Computer",MAPPED,Manufacturing,arch_eng_split,True,334000,Computer and Electronic Product Manufacturing
17-2081,Environmental Engineers,MAPPED,Manufacturing,arch_eng_split,True,325000,Chemical Manufacturing
17-2111,"Health and Safety Engineers, Except Mining Safety Engineers and Inspectors",MAPPED,Manufacturing,arch_eng_split,True,336000,Transportation Equipment Manufacturing
17-2112,Industrial Engineers,MAPPED,Manufacturing,arch_eng_split,True,336000,Transportation Equipment Manufacturing
17-2121,Marine Engineers and Naval Architects,MAPPED,Manufacturing,arch_eng_split,True,336000,Transportation Equipment Manufacturing
17-2131,Materials Engineers,MAPPED,Manufacturing,arch_eng_split,True,336000,Transportation Equipment Manufacturing
17-2141,Mechanical Engineers,MAPPED,Manufacturing,arch_eng_split,True,333000,Machinery Manufacturing
17-2151,"Mining and Geological Engineers, Including Mining Safety Engineers",MAPPED,Manufacturing,arch_eng_split,True,327000,Nonmetallic Mineral Product Manufacturing
17-2171,Petroleum Engineers,MAPPED,Manufacturing,arch_eng_split,True,324000,Petroleum and Coal Products Manufacturing
17-2199,"Engineers, All Other",MAPPED,Manufacturing,arch_eng_split,True,334000,Computer and Electronic Product Manufacturing
17-3013,Mechanical Drafters,MAPPED,Manufacturing,arch_eng_split,True,332000,Fabricated Metal Product Manufacturing
17-3019,"Drafters, All Other",MAPPED,Manufacturing,arch_eng_split,True,337000,Furniture and Related Product Manufacturing
17-3021,Aerospace Engineering and Operations Technologists and Technicians,MAPPED,Manufacturing,arch_eng_split,True,336000,Transportation Equipment Manufacturing
17-3023,Electrical and Electronic Engineering Technologists and Technicians,MAPPED,Manufacturing,arch_eng_split,True,334000,Computer and Electronic Product Manufacturing
17-3024,Electro-Mechanical and Mechatronics Technologists and Technicians,MAPPED,Manufacturing,arch_eng_split,True,333000,Machinery Manufacturing
17-3025,Environmental Engineering Technologists and Technicians,MAPPED,Manufacturing,arch_eng_split,True,336000,Transportation Equipment Manufacturing
17-3026,Industrial Engineering Technologists and Technicians,MAPPED,Manufacturing,arch_eng_split,True,336000,Transportation Equipment Manufacturing
17-3027,Mechanical Engineering Technologists and Technicians,MAPPED,Manufacturing,arch_eng_split,True,333000,Machinery Manufacturing
17-3028,Calibration Technologists and Technicians,MAPPED,Manufacturing,arch_eng_split,True,325000,Chemical Manufacturing
17-3029,"Engineering Technologists and Technicians, Except Drafters, All Other",MAPPED,Manufacturing,arch_eng_split,True,336000,Transportation Equipment Manufacturing
49-2091,Avionics Technicians,MAPPED,Manufacturing,maint_split,True,336000,Transportation Equipment Manufacturing
49-2092,"Electric Motor, Power Tool, and Related Repairers",MAPPED,Manufacturing,maint_split,True,335000,"Electrical Equipment, Appliance, and Component Manufacturing"
49-9045,"Refractory Materials Repairers, Except Brickmasons",MAPPED,Manufacturing,maint_split,True,331000,Primary Metal Manufacturing
49-9069,"Precision Instrument and Equipment Repairers, All Other",MAPPED,Manufacturing,maint_split,True,334000,Computer and Electronic Product Manufacturing
51-2011,"Aircraft Structure, Surfaces, Rigging, and Systems Assemblers",MAPPED,Manufacturing,mfg_split,False,336000,Transportation Equipment Manufacturing
51-2021,"Coil Winders, Tapers, and Finishers",MAPPED,Manufacturing,mfg_split,False,335000,"Electrical Equipment, Appliance, and Component Manufacturing"
51-2022,Electrical and Electronic Equipment Assemblers,MAPPED,Manufacturing,mfg_split_nd,True,,
51-2023,Electromechanical Equipment Assemblers,MAPPED,Manufacturing,mfg_split_nd,True,,
51-2031,Engine and Other Machine Assemblers,MAPPED,Manufacturing,mfg_split,False,336000,Transportation Equipment Manufacturing
51-2051,Fiberglass Laminators and Fabricators,MAPPED,Manufacturing,mfg_split,False,336000,Transportation Equipment Manufacturing
51-2061,Timing Device Assemblers and Adjusters,MAPPED,Manufacturing,mfg_split,False,334000,Computer and Electronic Product Manufacturing
51-2092,Team Assemblers,MAPPED,Manufacturing,mfg_split_nd,True,,
51-2099,"Assemblers and Fabricators, All Other",MAPPED,Manufacturing,mfg_split_nd,True,,
51-4023,"Rolling Machine Setters, Operators, and Tenders, Metal and Plastic",MAPPED,Manufacturing,mfg_split,False,331000,Primary Metal Manufacturing
51-4051,Metal-Refining Furnace Operators and Tenders,MAPPED,Manufacturing,mfg_split,False,331000,Primary Metal Manufacturing
51-4052,"Pourers and Casters, Metal",MAPPED,Manufacturing,mfg_split,False,331000,Primary Metal Manufacturing
51-4062,"Patternmakers, Metal and Plastic",MAPPED,Manufacturing,mfg_split,False,331000,Primary Metal Manufacturing
51-4071,Foundry Mold and Coremakers,MAPPED,Manufacturing,mfg_split,False,331000,Primary Metal Manufacturing
51-4081,"Multiple Machine Tool Setters, Operators, and Tenders, Metal and Plastic",MAPPED,Manufacturing,mfg_split,False,336000,Transportation Equipment Manufacturing
51-4111,Tool and Die Makers,MAPPED,Manufacturing,mfg_split,False,336000,Transportation Equipment Manufacturing
51-4192,"Layout Workers, Metal and Plastic",MAPPED,Manufacturing,mfg_split,False,336000,Transportation Equipment Manufacturing
51-4194,"Tool Grinders, Filers, and Sharpeners",MAPPED,Manufacturing,mfg_split,False,321000,Wood Product Manufacturing
51-5111,Prepress Technicians and Workers,MAPPED,Manufacturing,mfg_split,False,323000,Printing and Related Support Activities
51-5112,Printing Press Operators,MAPPED,Manufacturing,mfg_split,False,323000,Printing and Related Support Activities
51-5113,Print Binding and Finishing Workers,MAPPED,Manufacturing,mfg_split,False,323000,Printing and Related Support Activities
51-6021,"Pressers, Textile, Garment, and Related Materials",MAPPED,Manufacturing,mfg_split,False,315000,Apparel Manufacturing
51-6031,Sewing Machine Operators,MAPPED,Manufacturing,mfg_split,False,315000,Apparel Manufacturing
51-6041,Shoe and Leather Workers and Repairers,MAPPED,Manufacturing,mfg_split,False,316000,Leather and Allied Product Manufacturing
51-6042,Shoe Machine Operators and Tenders,MAPPED,Manufacturing,mfg_split,False,316000,Leather and Allied Product Manufacturing
51-6051,"Sewers, Hand",MAPPED,Manufacturing,mfg_split,False,315000,Apparel Manufacturing
51-6052,"Tailors, Dressmakers, and Custom Sewers",MAPPED,Manufacturing,mfg_split,False,315000,Apparel Manufacturing
51-6061,Textile Bleaching and Dyeing Machine Operators and Tenders,MAPPED,Manufacturing,mfg_split,False,313000,Textile Mills
51-6062,"Textile Cutting Machine Setters, Operators, and Tenders",MAPPED,Manufacturing,mfg_split,False,314000,Textile Product Mills
51-6063,"Textile Knitting and Weaving Machine Setters, Operators, and Tenders",MAPPED,Manufacturing,mfg_split,False,313000,Textile Mills
51-6064,"Textile Winding, Twisting, and Drawing Out Machine Setters, Operators, and Tenders",MAPPED,Manufacturing,mfg_split,False,313000,Textile Mills
51-6091,"Extruding and Forming Machine Setters, Operators, and Tenders, Synthetic and Glass Fibers",MAPPED,Manufacturing,mfg_split,False,313000,Textile Mills
51-6092,Fabric and Apparel Patternmakers,MAPPED,Manufacturing,mfg_split,False,315000,Apparel Manufacturing
51-6093,Upholsterers,MAPPED,Manufacturing,mfg_split,False,337000,Furniture and Related Product Manufacturing
51-6099,"Textile, Apparel, and Furnishings Workers, All Other",MAPPED,Manufacturing,mfg_split,False,314000,Textile Product Mills
51-7011,Cabinetmakers and Bench Carpenters,MAPPED,Manufacturing,mfg_split,False,337000,Furniture and Related Product Manufacturing
51-7021,Furniture Finishers,MAPPED,Manufacturing,mfg_split,False,337000,Furniture and Related Product Manufacturing
51-7031,"Model Makers, Wood",MAPPED,Manufacturing,mfg_split,False,337000,Furniture and Related Product Manufacturing
51-7032,"Patternmakers, Wood",MAPPED,Manufacturing,mfg_split_nd,True,,
51-7041,"Sawing Machine Setters, Operators, and Tenders, Wood",MAPPED,Manufacturing,mfg_split,False,321000,Wood Product Manufacturing
51-7042,"Woodworking Machine Setters, Operators, and Tenders, Except Sawing",MAPPED,Manufacturing,mfg_split,False,321000,Wood Product Manufacturing
51-7099,"Woodworkers, All Other",MAPPED,Manufacturing,mfg_split,False,321000,Wood Product Manufacturing
51-8011,Nuclear Power Reactor Operators,MAPPED,Manufacturing,mfg_split_nd,True,,
51-8012,Power Distributors and Dispatchers,MAPPED,Manufacturing,mfg_split,False,322000,Paper Manufacturing
51-8013,Power Plant Operators,MAPPED,Manufacturing,mfg_split,False,322000,Paper Manufacturing
51-8091,Chemical Plant and System Operators,MAPPED,Manufacturing,mfg_split,False,325000,Chemical Manufacturing
51-8092,Gas Plant Operators,MAPPED,Manufacturing,mfg_split,False,325000,Chemical Manufacturing
51-8093,"Petroleum Pump System Operators, Refinery Operators, and Gaugers",MAPPED,Manufacturing,mfg_split,False,324000,Petroleum and Coal Products Manufacturing
51-8099,"Plant and System Operators, All Other",MAPPED,Manufacturing,mfg_split,False,327000,Nonmetallic Mineral Product Manufacturing
51-9011,Chemical Equipment Operators and Tenders,MAPPED,Manufacturing,mfg_split,False,325000,Chemical Manufacturing
51-9023,"Mixing and Blending Machine Setters, Operators, and Tenders",MAPPED,Manufacturing,mfg_split,False,325000,Chemical Manufacturing
51-9031,"Cutters and Trimmers, Hand",MAPPED,Manufacturing,mfg_split,False,337000,Furniture and Related Product Manufacturing
51-9032,"Cutting and Slicing Machine Setters, Operators, and Tenders",MAPPED,Manufacturing,mfg_split,False,327000,Nonmetallic Mineral Product Manufacturing
51-9051,"Furnace, Kiln, Oven, Drier, and Kettle Operators and Tenders",MAPPED,Manufacturing,mfg_split,False,327000,Nonmetallic Mineral Product Manufacturing
51-9061,"Inspectors, Testers, Sorters, Samplers, and Weighers",MAPPED,Manufacturing,mfg_split,False,336000,Transportation Equipment Manufacturing
51-9071,Jewelers and Precious Stone and Metal Workers,MAPPED,Manufacturing,mfg_split,False,339000,Miscellaneous Manufacturing
51-9081,Dental Laboratory Technicians,MAPPED,Manufacturing,mfg_split,False,339000,Miscellaneous Manufacturing
51-9082,Medical Appliance Technicians,MAPPED,Manufacturing,mfg_split,False,339000,Miscellaneous Manufacturing
51-9083,Ophthalmic Laboratory Technicians,MAPPED,Manufacturing,mfg_split,False,339000,Miscellaneous Manufacturing
51-9123,"Painting, Coating, and Decorating Workers",MAPPED,Manufacturing,mfg_split,False,339000,Miscellaneous Manufacturing
51-9141,Semiconductor Processing Technicians,MAPPED,Manufacturing,mfg_split,False,334000,Computer and Electronic Product Manufacturing
51-9151,Photographic Process Workers and Processing Machine Operators,MAPPED,Manufacturing,mfg_split,False,339000,Miscellaneous Manufacturing
51-9191,Adhesive Bonding Machine Operators and Tenders,MAPPED,Manufacturing,mfg_split,False,322000,Paper Manufacturing
51-9195,"Molders, Shapers, and Casters, Except Metal and Plastic",MAPPED,Manufacturing,mfg_split,False,327000,Nonmetallic Mineral Product Manufacturing
51-9196,"Paper Goods Machine Setters, Operators, and Tenders",MAPPED,Manufacturing,mfg_split,False,322000,Paper Manufacturing
51-4021,"Extruding and Drawing Machine Setters, Operators, and Tenders, Metal and Plastic",MAPPED,Plastics/Rubber,mfg_split,False,326000,Plastics and Rubber Products Manufacturing
51-4061,"Model Makers, Metal and Plastic",MAPPED,Plastics/Rubber,mfg_split,False,326000,Plastics and Rubber Products Manufacturing
51-4072,"Molding, Coremaking, and Casting Machine Setters, Operators, and Tenders, Metal and Plastic",MAPPED,Plastics/Rubber,mfg_split,False,326000,Plastics and Rubber Products Manufacturing
51-4199,"Metal Workers and Plastic Workers, All Other",MAPPED,Plastics/Rubber,mfg_split,False,326000,Plastics and Rubber Products Manufacturing
51-9041,"Extruding, Forming, Pressing, and Compacting Machine Setters, Operators, and Tenders",MAPPED,Plastics/Rubber,mfg_split,False,326000,Plastics and Rubber Products Manufacturing
51-9197,Tire Builders,MAPPED,Plastics/Rubber,mfg_split,False,326000,Plastics and Rubber Products Manufacturing
37-1011,First-Line Supervisors of Housekeeping and Janitorial Workers,MAPPED,Property Management/Real Estate,major_group,False,,
37-1012,"First-Line Supervisors of Landscaping, Lawn Service, and Groundskeeping Workers",MAPPED,Property Management/Real Estate,major_group,False,,
37-2011,"Janitors and Cleaners, Except Maids and Housekeeping Cleaners",MAPPED,Property Management/Real Estate,major_group,False,,
37-2012,Maids and Housekeeping Cleaners,MAPPED,Property Management/Real Estate,major_group,False,,
37-2019,"Building Cleaning Workers, All Other",MAPPED,Property Management/Real Estate,major_group,False,,
37-2021,Pest Control Workers,MAPPED,Property Management/Real Estate,major_group,False,,
37-3011,Landscaping and Groundskeeping Workers,MAPPED,Property Management/Real Estate,major_group,False,,
37-3012,"Pesticide Handlers, Sprayers, and Applicators, Vegetation",MAPPED,Property Management/Real Estate,major_group,False,,
37-3013,Tree Trimmers and Pruners,MAPPED,Property Management/Real Estate,major_group,False,,
37-3019,"Grounds Maintenance Workers, All Other",MAPPED,Property Management/Real Estate,major_group,False,,
49-9071,"Maintenance and Repair Workers, General",MAPPED,Property Management/Real Estate,maint_split,True,531000,Real Estate
41-1011,First-Line Supervisors of Retail Sales Workers,MAPPED,Retail,major_group,False,,
41-1012,First-Line Supervisors of Non-Retail Sales Workers,MAPPED,Retail,major_group,False,,
41-2011,Cashiers,MAPPED,Retail,major_group,False,,
41-2012,Gambling Change Persons and Booth Cashiers,MAPPED,Retail,major_group,False,,
41-2021,Counter and Rental Clerks,MAPPED,Retail,major_group,False,,
41-2022,Parts Salespersons,MAPPED,Retail,major_group,False,,
41-2031,Retail Salespersons,MAPPED,Retail,major_group,False,,
41-3011,Advertising Sales Agents,MAPPED,Retail,major_group,False,,
41-3021,Insurance Sales Agents,MAPPED,Retail,major_group,False,,
41-3031,"Securities, Commodities, and Financial Services Sales Agents",MAPPED,Retail,major_group,False,,
41-3041,Travel Agents,MAPPED,Retail,major_group,False,,
41-3091,"Sales Representatives of Services, Except Advertising, Insurance, Financial Services, and Travel",MAPPED,Retail,major_group,False,,
41-4011,"Sales Representatives, Wholesale and Manufacturing, Technical and Scientific Products",MAPPED,Retail,major_group,False,,
41-4012,"Sales Representatives, Wholesale and Manufacturing, Except Technical and Scientific Products",MAPPED,Retail,major_group,False,,
41-9011,Demonstrators and Product Promoters,MAPPED,Retail,major_group,False,,
41-9012,Models,MAPPED,Retail,major_group,False,,
41-9021,Real Estate Brokers,MAPPED,Retail,major_group,False,,
41-9022,Real Estate Sales Agents,MAPPED,Retail,major_group,False,,
41-9031,Sales Engineers,MAPPED,Retail,major_group,False,,
41-9041,Telemarketers,MAPPED,Retail,major_group,False,,
41-9091,"Door-to-Door Sales Workers, News and Street Vendors, and Related Workers",MAPPED,Retail,major_group,False,,
41-9099,"Sales and Related Workers, All Other",MAPPED,Retail,major_group,False,,
49-1011,"First-Line Supervisors of Mechanics, Installers, and Repairers",MAPPED,Retail,maint_split,True,441000,Motor Vehicle and Parts Dealers
49-2011,"Computer, Automated Teller, and Office Machine Repairers",MAPPED,Retail,maint_split,True,449000,"Furniture, Home Furnishings, Electronics, and Appliance Retailers"
49-2096,"Electronic Equipment Installers and Repairers, Motor Vehicles",MAPPED,Retail,maint_split,True,441000,Motor Vehicle and Parts Dealers
49-2097,Audiovisual Equipment Installers and Repairers,MAPPED,Retail,maint_split,True,449000,"Furniture, Home Furnishings, Electronics, and Appliance Retailers"
49-3021,Automotive Body and Related Repairers,MAPPED,Retail,maint_split,True,441000,Motor Vehicle and Parts Dealers
49-3022,Automotive Glass Installers and Repairers,MAPPED,Retail,maint_split,True,441000,Motor Vehicle and Parts Dealers
49-3023,Automotive Service Technicians and Mechanics,MAPPED,Retail,maint_split,True,441000,Motor Vehicle and Parts Dealers
49-3041,Farm Equipment Mechanics and Service Technicians,MAPPED,Retail,maint_split,True,444000,Building Material and Garden Equipment and Supplies Dealers
49-3051,Motorboat Mechanics and Service Technicians,MAPPED,Retail,maint_split,True,441000,Motor Vehicle and Parts Dealers
49-3052,Motorcycle Mechanics,MAPPED,Retail,maint_split,True,441000,Motor Vehicle and Parts Dealers
49-3053,Outdoor Power Equipment and Other Small Engine Mechanics,MAPPED,Retail,maint_split,True,444000,Building Material and Garden Equipment and Supplies Dealers
49-3091,Bicycle Repairers,MAPPED,Retail,maint_split,True,459000,"Sporting Goods, Hobby, Musical Instrument, Book, and Miscellaneous Retailers"
49-3092,Recreational Vehicle Service Technicians,MAPPED,Retail,maint_split,True,441000,Motor Vehicle and Parts Dealers
49-3093,Tire Repairers and Changers,MAPPED,Retail,maint_split,True,441000,Motor Vehicle and Parts Dealers
49-9031,Home Appliance Repairers,MAPPED,Retail,maint_split,True,449000,"Furniture, Home Furnishings, Electronics, and Appliance Retailers"
49-9062,Medical Equipment Repairers,MAPPED,Retail,maint_split,True,456000,Health and Personal Care Retailers
49-9063,Musical Instrument Repairers and Tuners,MAPPED,Retail,maint_split,True,459000,"Sporting Goods, Hobby, Musical Instrument, Book, and Miscellaneous Retailers"
49-9064,Watch and Clock Repairers,MAPPED,Retail,maint_split,True,458000,"Clothing, Clothing Accessories, Shoe, and Jewelry Retailers"
49-9091,"Coin, Vending, and Amusement Machine Servicers and Repairers",MAPPED,Retail,maint_split,True,445000,Food and Beverage Retailers
49-9095,Manufactured Building and Mobile Home Installers,MAPPED,Retail,maint_split,True,459000,"Sporting Goods, Hobby, Musical Instrument, Book, and Miscellaneous Retailers"
49-2094,"Electrical and Electronics Repairers, Commercial and Industrial Equipment",MAPPED,Warehousing & Distribution,maint_split,True,493000,Warehousing and Storage
53-7011,Conveyor Operators and Tenders,MAPPED,Warehousing & Distribution,transport_split,False,493000,Warehousing and Storage
53-7051,Industrial Truck and Tractor Operators,MAPPED,Warehousing & Distribution,transport_split,False,493000,Warehousing and Storage
53-7062,"Laborers and Freight, Stock, and Material Movers, Hand",MAPPED,Warehousing & Distribution,transport_split,False,493000,Warehousing and Storage
53-7063,Machine Feeders and Offbearers,MAPPED,Warehousing & Distribution,transport_split,False,493000,Warehousing and Storage
53-7064,"Packers and Packagers, Hand",MAPPED,Warehousing & Distribution,transport_split,False,493000,Warehousing and Storage
53-7065,Stockers and Order Fillers,MAPPED,Warehousing & Distribution,transport_split,False,493000,Warehousing and Storage
53-7081,Refuse and Recyclable Material Collectors,MAPPED,Warehousing & Distribution,transport_split,False,493000,Warehousing and Storage
